"Symbol","Description","Sector","Industry","Same Sub-Industry As","Exchange","Price","Average Volume (10 Day)"
"XAIR","Beyond Air Inc","Health Care","Health Care Equipment & Supplies","Health Care Equipment","NASDAQ","$0.18","5,254,740"
"ABP","ABPRO Holdings Inc","Health Care","Biotechnology","Biotechnology","NASDAQ","$0.19","4,391,430"
"PCSA","Processa Pharmaceuticals Inc","Health Care","Pharmaceuticals","Pharmaceuticals","NASDAQ","$0.19","25,599,770"
"IXHL","Incannex Healthcare Inc","Health Care","Pharmaceuticals","Pharmaceuticals","NASDAQ","$0.21","17,613,730"
"NUWE","Nuwellis Inc","Health Care","Health Care Equipment & Supplies","Health Care Equipment","NASDAQ","$0.22","5,635,240"
"VTAK","Catheter Precision Inc","Health Care","Health Care Equipment & Supplies","Health Care Equipment","NYS","$0.23","2,048,690"
"DHAI","DIH Holding US Inc","Health Care","Health Care Equipment & Supplies","Health Care Equipment","NASDAQ","$0.23","11,113,190"
"ADAP","Adaptimmune Therapeutics PLC","Health Care","Biotechnology","Biotechnology","NASDAQ","$0.24","649,830"
"CLDI","Calidi Biotherapeutics Inc","Health Care","Biotechnology","Biotechnology","NYS","$0.25","2,833,110"
"CYCC","Cyclacel Pharmaceuticals Inc","Health Care","Biotechnology","Biotechnology","NASDAQ","$0.25","1,450,420"
"AZTR","Azitra Inc","Health Care","Biotechnology","Biotechnology","NYS","$0.25","1,044,840"
"GNPX","Genprex Inc","Health Care","Biotechnology","Biotechnology","NASDAQ","$0.27","6,156,590"
"BDSX","Biodesix Inc","Health Care","Health Care Providers & Services","Health Care Services","NASDAQ","$0.27","1,147,700"
"RENB","Renovaro Inc","Health Care","Biotechnology","Biotechnology","NASDAQ","$0.28","2,548,180"
"CODX","Co-Diagnostics Inc","Health Care","Health Care Equipment & Supplies","Health Care Equipment","NASDAQ","$0.29","388,090"
"LPTX","Leap Therapeutics Inc","Health Care","Biotechnology","Biotechnology","NASDAQ","$0.29","6,170,830"
"MRSN","Mersana Therapeutics Inc","Health Care","Biotechnology","Biotechnology","NASDAQ","$0.29","3,432,020"
"BIAF","bioAffinity Technologies Inc","Health Care","Biotechnology","Biotechnology","NASDAQ","$0.29","22,038,810"
"ASBP","Aspire Biopharma Holdings Inc","Health Care","Pharmaceuticals","Pharmaceuticals","NASDAQ","$0.29","6,547,820"
"UBX","UNITY Biotechnology Inc","Health Care","Biotechnology","Biotechnology","NASDAQ","$0.29","2,119,280"
"INTS","Intensity Therapeutics Inc","Health Care","Biotechnology","Biotechnology","NASDAQ","$0.30","1,905,340"
"ATHA","Athira Pharma Inc","Health Care","Pharmaceuticals","Pharmaceuticals","NASDAQ","$0.30","163,630"
"IGC","IGC Pharma Inc","Health Care","Pharmaceuticals","Pharmaceuticals","NYS","$0.30","224,870"
"PSTV","Plus Therapeutics Inc","Health Care","Biotechnology","Biotechnology","NASDAQ","$0.31","116,042,050"
"EQ","Equillium Inc","Health Care","Biotechnology","Biotechnology","NASDAQ","$0.32","236,530"
"APLT","Applied Therapeutics Inc","Health Care","Biotechnology","Biotechnology","NASDAQ","$0.32","3,393,700"
"ADIL","Adial Pharmaceuticals Inc","Health Care","Pharmaceuticals","Pharmaceuticals","NASDAQ","$0.33","43,742,020"
"RLYB","Rallybio Corp","Health Care","Biotechnology","Biotechnology","NASDAQ","$0.33","158,770"
"CGTX","Cognition Therapeutics Inc","Health Care","Pharmaceuticals","Pharmaceuticals","NASDAQ","$0.34","1,260,820"
"OVID","Ovid Therapeutics Inc","Health Care","Biotechnology","Biotechnology","NASDAQ","$0.34","2,157,680"
"GBIO","Generation Bio Co","Health Care","Biotechnology","Biotechnology","NASDAQ","$0.34","1,660,270"
"MBRX","Moleculin Biotech Inc","Health Care","Biotechnology","Biotechnology","NASDAQ","$0.35","9,536,140"
"TSBX","Turnstone Biologics Corp","Health Care","Biotechnology","Biotechnology","NASDAQ","$0.36","848,450"
"BCAB","Bioatla Inc","Health Care","Biotechnology","Biotechnology","NASDAQ","$0.38","478,480"
"ELEV","Elevation Oncology Inc","Health Care","Biotechnology","Biotechnology","NASDAQ","$0.38","1,370,380"
"RVPH","Reviva Pharmaceuticals Holdings Inc","Health Care","Pharmaceuticals","Pharmaceuticals","NASDAQ","$0.39","4,557,580"
"PRPH","Prophase Labs Inc","Health Care","Pharmaceuticals","Pharmaceuticals","NASDAQ","$0.40","1,368,300"
"ENTO","Entero Therapeutics Inc","Health Care","Biotechnology","Biotechnology","NASDAQ","$0.41","445,490"
"PASG","Passage Bio Inc","Health Care","Biotechnology","Biotechnology","NASDAQ","$0.41","422,750"
"COSM","Cosmos Health Inc","Health Care","Health Care Providers & Services","Health Care Distributors","NASDAQ","$0.42","148,740"
"CARM","Carisma Therapeutics Inc","Health Care","Biotechnology","Biotechnology","NASDAQ","$0.42","2,967,180"
"VXRT","Vaxart Inc","Health Care","Biotechnology","Biotechnology","NASDAQ","$0.43","2,485,860"
"MHUA","Meihua International Medical Technologies Co Ltd","Health Care","Health Care Equipment & Supplies","Health Care Supplies","NASDAQ","$0.43","60,480"
"NXTC","NextCure Inc","Health Care","Biotechnology","Biotechnology","NASDAQ","$0.44","147,640"
"PHGE","Biomx Inc","Health Care","Biotechnology","Biotechnology","NYS","$0.44","371,330"
"WORX","Scworx Corp","Health Care","Health Care Technology","Health Care Technology","NASDAQ","$0.44","233,390"
"TOVX","Theriva Biologics Inc","Health Care","Biotechnology","Biotechnology","NYS","$0.44","139,150"
"PMN","ProMIS Neurosciences Inc","Health Care","Biotechnology","Biotechnology","NASDAQ","$0.45","36,200"
"TLPH","Talphera Inc","Health Care","Pharmaceuticals","Pharmaceuticals","NASDAQ","$0.45","58,460"
"HBIO","Harvard Bioscience Inc","Health Care","Life Sciences Tools & Services","Life Sciences Tools & Services","NASDAQ","$0.45","1,478,690"
"ALXO","ALX Oncology Holdings Inc","Health Care","Biotechnology","Biotechnology","NASDAQ","$0.46","835,140"
"GOVX","GeoVax Labs Inc","Health Care","Biotechnology","Biotechnology","NASDAQ","$0.48","4,203,840"
"OTRK","Ontrak Inc","Health Care","Health Care Providers & Services","Health Care Services","NASDAQ","$0.48","853,000"
"ACXP","Acurx Pharmaceuticals Inc","Health Care","Biotechnology","Biotechnology","NASDAQ","$0.49","2,661,790"
"SENS","Senseonics Holdings Inc","Health Care","Health Care Equipment & Supplies","Health Care Equipment","NYS","$0.50","8,712,420"
"SGMO","Sangamo Therapeutics Inc","Health Care","Biotechnology","Biotechnology","NASDAQ","$0.54","7,347,560"
"RANI","Rani Therapeutics Holdings Inc","Health Care","Pharmaceuticals","Pharmaceuticals","NASDAQ","$0.54","331,650"
"TLRY","Tilray Brands Inc","Health Care","Pharmaceuticals","Pharmaceuticals","NASDAQ","$0.54","26,739,560"
"IPSC","Century Therapeutics Inc","Health Care","Biotechnology","Biotechnology","NASDAQ","$0.56","1,215,400"
"ICU","SeaStar Medical Holding Corp","Health Care","Health Care Equipment & Supplies","Health Care Equipment","NASDAQ","$0.56","34,065,520"
"PROK","ProKidney Corp","Health Care","Biotechnology","Biotechnology","NASDAQ","$0.58","--"
"PAVM","PAVmed Inc","Health Care","Health Care Equipment & Supplies","Health Care Equipment","NASDAQ","$0.59","151,700"
"VERU","Veru Inc","Health Care","Pharmaceuticals","Pharmaceuticals","NASDAQ","$0.61","3,509,500"
"ACET","Adicet Bio Inc","Health Care","Biotechnology","Biotechnology","NASDAQ","$0.61","428,380"
"FBLG","Fibrobiologics Inc","Health Care","Biotechnology","Biotechnology","NASDAQ","$0.61","716,970"
"TNYA","Tenaya Therapeutics Inc","Health Care","Biotechnology","Biotechnology","NASDAQ","$0.61","2,761,370"
"NBY","NovaBay Pharmaceuticals Inc","Health Care","Pharmaceuticals","Pharmaceuticals","NYS","$0.63","18,850"
"SILO","Silo Pharma Inc","Health Care","Biotechnology","Biotechnology","NASDAQ","$0.63","285,420"
"ONMD","Onemednet Corp","Health Care","Health Care Technology","Health Care Technology","NASDAQ","$0.63","50,674,470"
"RLMD","Relmada Therapeutics Inc","Health Care","Pharmaceuticals","Pharmaceuticals","NASDAQ","$0.63","433,690"
"CNTX","Context Therapeutics Inc","Health Care","Pharmaceuticals","Pharmaceuticals","NASDAQ","$0.63","159,500"
"ZJYL","Jin Medical International Ltd","Health Care","Health Care Equipment & Supplies","Health Care Equipment","NASDAQ","$0.64","186,720"
"RVP","Retractable Technologies Inc","Health Care","Health Care Equipment & Supplies","Health Care Supplies","NYS","$0.65","33,510"
"KAPA","Kairos Pharma Ltd","Health Care","Biotechnology","Biotechnology","NYS","$0.65","849,330"
"IBO","Impact Biomedical Inc","Health Care","Pharmaceuticals","Pharmaceuticals","NYS","$0.65","47,099,550"
"MTVA","MetaVia Inc","Health Care","Biotechnology","Biotechnology","NASDAQ","$0.66","72,410"
"DRRX","DURECT Corp","Health Care","Pharmaceuticals","Pharmaceuticals","NASDAQ","$0.67","49,070"
"DRMA","Dermata Therapeutics Inc","Health Care","Biotechnology","Biotechnology","NASDAQ","$0.67","95,290"
"LFWD","Lifeward Ltd","Health Care","Health Care Equipment & Supplies","Health Care Equipment","NASDAQ","$0.67","2,663,010"
"MLSS","Milestone Scientific Inc","Health Care","Health Care Equipment & Supplies","Health Care Equipment","NYS","$0.67","116,480"
"ZVSA","Zyversa Therapeutics Inc","Health Care","Biotechnology","Biotechnology","NASDAQ","$0.67","1,782,840"
"ASRT","Assertio Holdings Inc","Health Care","Pharmaceuticals","Pharmaceuticals","NASDAQ","$0.67","250,060"
"NMTC","NeuroOne Medical Technologies Corp","Health Care","Health Care Equipment & Supplies","Health Care Equipment","NASDAQ","$0.69","206,120"
"BFRI","Biofrontera Inc","Health Care","Pharmaceuticals","Pharmaceuticals","NASDAQ","$0.69","183,510"
"XTNT","Xtant Medical Holdings Inc","Health Care","Health Care Equipment & Supplies","Health Care Supplies","NYS","$0.69","110,230"
"CUE","Cue Biopharma Inc","Health Care","Biotechnology","Biotechnology","NASDAQ","$0.69","500,510"
"XLO","Xilio Therapeutics Inc","Health Care","Biotechnology","Biotechnology","NASDAQ","$0.70","454,450"
"ADVB","Advanced Biomed Inc","Health Care","Health Care Equipment & Supplies","Health Care Supplies","NASDAQ","$0.70","243,530"
"MODD","Modular Medical Inc","Health Care","Health Care Equipment & Supplies","Health Care Equipment","NASDAQ","$0.70","273,800"
"VRCA","Verrica Pharmaceuticals Inc","Health Care","Pharmaceuticals","Pharmaceuticals","NASDAQ","$0.71","1,013,760"
"DRIO","DarioHealth Corp","Health Care","Health Care Technology","Health Care Technology","NASDAQ","$0.71","130,470"
"WOK","Work Medical Technology Group Ltd","Health Care","Health Care Equipment & Supplies","Health Care Supplies","NASDAQ","$0.71","60,200"
"PLRZ","Polyrizon Ltd","Health Care","Biotechnology","Biotechnology","NASDAQ","$0.72","282,330"
"IMUX","Immunic Inc","Health Care","Biotechnology","Biotechnology","NASDAQ","$0.73","2,374,800"
"PALI","Palisade Bio Inc","Health Care","Biotechnology","Biotechnology","NASDAQ","$0.73","155,700"
"SCYX","SCYNEXIS Inc","Health Care","Pharmaceuticals","Pharmaceuticals","NASDAQ","$0.73","136,910"
"KTTA","Pasithea Therapeutics Corp","Health Care","Biotechnology","Biotechnology","NASDAQ","$0.73","140,700"
"IVVD","Invivyd Inc","Health Care","Biotechnology","Biotechnology","NASDAQ","$0.74","1,844,440"
"IBIO","iBio Inc","Health Care","Biotechnology","Biotechnology","NASDAQ","$0.74","10,304,130"
"VNRX","VolitionRX Ltd","Health Care","Health Care Equipment & Supplies","Health Care Supplies","NYS","$0.74","351,840"
"TRIB","Trinity Biotech PLC","Health Care","Health Care Equipment & Supplies","Health Care Equipment","NASDAQ","$0.75","4,773,950"
"CHEK","Check Cap Ltd","Health Care","Health Care Equipment & Supplies","Health Care Equipment","NASDAQ","$0.75","42,420"
"STRO","Sutro Biopharma Inc","Health Care","Biotechnology","Biotechnology","NASDAQ","$0.76","1,893,480"
"AQB","AquaBounty Technologies Inc","Health Care","Biotechnology","Biotechnology","NASDAQ","$0.77","323,030"
"IRWD","Ironwood Pharmaceuticals Inc","Health Care","Biotechnology","Biotechnology","NASDAQ","$0.77","2,153,600"
"REVB","Revelation Biosciences Inc","Health Care","Biotechnology","Biotechnology","NASDAQ","$0.77","498,000"
"ONCY","Oncolytics Biotech Inc","Health Care","Biotechnology","Biotechnology","NASDAQ","$0.79","1,286,620"
"IMNN","Imunon Inc","Health Care","Biotechnology","Biotechnology","NASDAQ","$0.79","1,381,880"
"PRLD","Prelude Therapeutics Inc","Health Care","Biotechnology","Biotechnology","NASDAQ","$0.79","287,850"
"HYPR","Hyperfine Inc","Health Care","Health Care Equipment & Supplies","Health Care Equipment","NASDAQ","$0.80","246,820"
"IFRX","InflaRx NV","Health Care","Biotechnology","Biotechnology","NASDAQ","$0.80","203,860"
"CHRS","Coherus Oncology Inc","Health Care","Biotechnology","Biotechnology","NASDAQ","$0.81","1,374,500"
"SLXN","Silexion Therapeutics Corp","Health Care","Biotechnology","Biotechnology","NASDAQ","$0.81","86,770"
"CLSD","Clearside Biomedical Inc","Health Care","Pharmaceuticals","Pharmaceuticals","NASDAQ","$0.81","210,830"
"RMTI","Rockwell Medical Inc","Health Care","Health Care Equipment & Supplies","Health Care Supplies","NASDAQ","$0.82","244,520"
"NAUT","Nautilus Biotechnology Inc","Health Care","Life Sciences Tools & Services","Life Sciences Tools & Services","NASDAQ","$0.82","949,930"
"NMRA","Neumora Therapeutics Inc","Health Care","Pharmaceuticals","Pharmaceuticals","NASDAQ","$0.82","1,771,840"
"STTK","Shattuck Labs Inc","Health Care","Biotechnology","Biotechnology","NASDAQ","$0.83","693,330"
"POAI","Predictive Oncology Inc","Health Care","Health Care Equipment & Supplies","Health Care Equipment","NASDAQ","$0.83","105,950"
"ATOS","Atossa Therapeutics Inc","Health Care","Biotechnology","Biotechnology","NASDAQ","$0.84","2,384,640"
"AEON","Aeon Biopharma Inc","Health Care","Biotechnology","Biotechnology","NYS","$0.84","239,710"
"VRAX","Virax Biolabs Group Ltd","Health Care","Health Care Providers & Services","Health Care Distributors","NASDAQ","$0.85","36,420"
"YCBD","cbdMD Inc","Health Care","Pharmaceuticals","Pharmaceuticals","NYS","$0.86","108,360"
"IVF","INVO Fertility Inc","Health Care","Health Care Equipment & Supplies","Health Care Equipment","NASDAQ","$0.86","1,048,000"
"SSY","SunLink Health Systems Inc","Health Care","Health Care Providers & Services","Health Care Facilities","NYS","$0.87","60,740"
"BDRX","Biodexa Pharmaceuticals PLC","Health Care","Biotechnology","Biotechnology","NASDAQ","$0.88","5,913,440"
"ESLA","Estrella Immunopharma Inc","Health Care","Biotechnology","Biotechnology","NASDAQ","$0.88","16,520"
"ATNF","180 Life Sciences Corp","Health Care","Biotechnology","Biotechnology","NASDAQ","$0.90","47,790"
"SLRX","Salarius Pharmaceuticals Inc","Health Care","Biotechnology","Biotechnology","NASDAQ","$0.90","533,940"
"LEXX","Lexaria Bioscience Corp","Health Care","Pharmaceuticals","Pharmaceuticals","NASDAQ","$0.90","97,720"
"XRTX","XORTX Therapeutics Inc","Health Care","Pharmaceuticals","Pharmaceuticals","NASDAQ","$0.90","--"
"LXRX","Lexicon Pharmaceuticals Inc","Health Care","Biotechnology","Biotechnology","NASDAQ","$0.90","6,401,890"
"CMND","Clearmind Medicine Inc","Health Care","Pharmaceuticals","Pharmaceuticals","NASDAQ","$0.90","53,700"
"WGRX","Wellgistics Health Inc","Health Care","Health Care Providers & Services","Health Care Distributors","NASDAQ","$0.91","321,010"
"MTNB","Matinas BioPharma Holdings Inc","Health Care","Biotechnology","Biotechnology","NYS","$0.92","118,570"
"BRNS","Barinthus Biotherapeutics PLC","Health Care","Biotechnology","Biotechnology","NASDAQ","$0.92","12,470"
"APM","Aptorum Group Ltd","Health Care","Biotechnology","Biotechnology","NASDAQ","$0.92","23,910"
"OCGN","Ocugen Inc","Health Care","Biotechnology","Biotechnology","NASDAQ","$0.93","10,996,520"
"WINT","Windtree Therapeutics Inc","Health Care","Biotechnology","Biotechnology","NASDAQ","$0.93","9,775,700"
"IRIX","IRIDEX Corp","Health Care","Health Care Equipment & Supplies","Health Care Equipment","NASDAQ","$0.93","64,270"
"CNSP","CNS Pharmaceuticals Inc","Health Care","Pharmaceuticals","Pharmaceuticals","NASDAQ","$0.94","198,100"
"DYAI","Dyadic International Inc","Health Care","Biotechnology","Biotechnology","NASDAQ","$0.94","83,030"
"FEMY","Femasys Inc","Health Care","Health Care Equipment & Supplies","Health Care Equipment","NASDAQ","$0.95","380,620"
"NAOV","Nanovibronix Inc","Health Care","Health Care Equipment & Supplies","Health Care Equipment","NASDAQ","$0.95","5,409,310"
"ITRM","Iterum Therapeutics PLC","Health Care","Pharmaceuticals","Pharmaceuticals","NASDAQ","$0.96","560,900"
"BIVI","BioVie Inc","Health Care","Biotechnology","Biotechnology","NASDAQ","$0.97","232,180"
"NXL","Nexalin Technology Inc","Health Care","Health Care Equipment & Supplies","Health Care Equipment","NASDAQ","$0.98","90,730"
"TNON","Tenon Medical Inc","Health Care","Health Care Equipment & Supplies","Health Care Equipment","NASDAQ","$0.98","162,110"
"ISPC","iSpecimen Inc","Health Care","Health Care Technology","Health Care Technology","NASDAQ","$0.99","47,980"
"NIVF","NewGenIvf Group Ltd","Health Care","Health Care Providers & Services","Health Care Services","NASDAQ","$0.99","5,277,900"
"ALLR","Allarity Therapeutics Inc","Health Care","Biotechnology","Biotechnology","NASDAQ","$1.00","540,320"
"CTSO","Cytosorbents Corp","Health Care","Health Care Equipment & Supplies","Health Care Equipment","NASDAQ","$1.00","178,040"
"IRD","Opus Genetics Inc","Health Care","Biotechnology","Biotechnology","NASDAQ","$1.00","1,220,950"
"ICCM","Icecure Medical Ltd","Health Care","Health Care Equipment & Supplies","Health Care Equipment","NASDAQ","$1.01","359,670"
"LCTX","Lineage Cell Therapeutics Inc","Health Care","Biotechnology","Biotechnology","NYS","$1.01","6,369,030"
"CANF","Can Fite Biopharma Ltd","Health Care","Biotechnology","Biotechnology","NYS","$1.02","--"
"LSB","LakeShore Biopharma Co Ltd","Health Care","Biotechnology","Biotechnology","NASDAQ","$1.02","18,850"
"ANTX","AN2 Therapeutics Inc","Health Care","Pharmaceuticals","Pharmaceuticals","NASDAQ","$1.05","127,930"
"LUCD","Lucid Diagnostics Inc","Health Care","Health Care Equipment & Supplies","Health Care Equipment","NASDAQ","$1.05","2,049,610"
"BOLD","Boundless Bio Inc","Health Care","Biotechnology","Biotechnology","NASDAQ","$1.07","449,770"
"HOWL","Werewolf Therapeutics Inc","Health Care","Biotechnology","Biotechnology","NASDAQ","$1.07","713,220"
"MSPR","MSP Recovery Inc","Health Care","Health Care Providers & Services","Health Care Services","NASDAQ","$1.08","1,055,230"
"PYXS","Pyxis Oncology Inc","Health Care","Biotechnology","Biotechnology","NASDAQ","$1.10","1,061,810"
"MNDR","Mobile-health Network Solutions","Health Care","Health Care Providers & Services","Health Care Services","NASDAQ","$1.11","358,110"
"ZTEK","Zentek Ltd","Health Care","Health Care Equipment & Supplies","Health Care Supplies","NASDAQ","$1.11","--"
"AHG","Akso Health Group","Health Care","Health Care Providers & Services","Health Care Distributors","NASDAQ","$1.12","4,780"
"FATE","Fate Therapeutics Inc","Health Care","Biotechnology","Biotechnology","NASDAQ","$1.12","1,919,100"
"ENLV","Enlivex Therapeutics Ltd","Health Care","Biotechnology","Biotechnology","NASDAQ","$1.13","132,950"
"ZURA","Zura Bio Ltd","Health Care","Biotechnology","Biotechnology","NASDAQ","$1.13","908,760"
"KLTO","Klotho Neurosciences Inc","Health Care","Biotechnology","Biotechnology","NASDAQ","$1.14","19,116,810"
"PMCB","PharmaCyte Biotech Inc","Health Care","Biotechnology","Biotechnology","NASDAQ","$1.14","14,500"
"CMMB","Chemomab Therapeutics Ltd","Health Care","Biotechnology","Biotechnology","NASDAQ","$1.15","263,920"
"AKTX","Akari Therapeutics PLC","Health Care","Biotechnology","Biotechnology","NASDAQ","$1.16","24,000"
"ABOS","Acumen Pharmaceuticals Inc","Health Care","Biotechnology","Biotechnology","NASDAQ","$1.16","870,230"
"CNTB","Connect Biopharma Holdings Ltd","Health Care","Biotechnology","Biotechnology","NASDAQ","$1.17","83,930"
"BCLI","Brainstorm Cell Therapeutics Inc","Health Care","Biotechnology","Biotechnology","NASDAQ","$1.17","385,670"
"ESPR","Esperion Therapeutics Inc","Health Care","Pharmaceuticals","Pharmaceuticals","NASDAQ","$1.17","3,088,090"
"VSEE","Vsee Health Inc","Health Care","Health Care Technology","Health Care Technology","NASDAQ","$1.17","1,811,950"
"TELO","Telomir Pharmaceuticals Inc","Health Care","Pharmaceuticals","Pharmaceuticals","NASDAQ","$1.18","580,020"
"TXMD","TherapeuticsMD Inc","Health Care","Pharmaceuticals","Pharmaceuticals","NASDAQ","$1.18","45,330"
"ALLO","Allogene Therapeutics Inc","Health Care","Biotechnology","Biotechnology","NASDAQ","$1.19","2,930,640"
"IINN","Inspira Technologies Oxy BHN Ltd","Health Care","Health Care Equipment & Supplies","Health Care Equipment","NASDAQ","$1.19","1,571,080"
"PMVP","PMV Pharmaceuticals Inc","Health Care","Biotechnology","Biotechnology","NASDAQ","$1.19","155,950"
"HOTH","Hoth Therapeutics Inc","Health Care","Pharmaceuticals","Pharmaceuticals","NASDAQ","$1.20","838,850"
"SYBX","Synlogic Inc","Health Care","Biotechnology","Biotechnology","NASDAQ","$1.20","6,570"
"PEPG","PepGen Inc","Health Care","Biotechnology","Biotechnology","NASDAQ","$1.22","454,190"
"HOOK","HOOKIPA Pharma Inc","Health Care","Biotechnology","Biotechnology","NASDAQ","$1.23","57,860"
"AEMD","Aethlon Medical Inc","Health Care","Health Care Equipment & Supplies","Health Care Equipment","NASDAQ","$1.24","488,010"
"GOSS","Gossamer Bio Inc","Health Care","Biotechnology","Biotechnology","NASDAQ","$1.24","4,047,800"
"MBIO","Mustang Bio Inc","Health Care","Biotechnology","Biotechnology","NASDAQ","$1.24","3,279,740"
"MIRA","Mira Pharmaceuticals Inc","Health Care","Pharmaceuticals","Pharmaceuticals","NASDAQ","$1.24","1,722,320"
"TVGN","Tevogen Bio Holdings Inc","Health Care","Biotechnology","Biotechnology","NASDAQ","$1.24","512,980"
"ADTX","Aditxt Inc","Health Care","Biotechnology","Biotechnology","NASDAQ","$1.25","2,784,750"
"ENVB","Enveric Biosciences Inc","Health Care","Pharmaceuticals","Pharmaceuticals","NASDAQ","$1.25","140,650"
"MNOV","MediciNova Inc","Health Care","Biotechnology","Biotechnology","NASDAQ","$1.25","14,410"
"SNDL","SNDL Inc","Health Care","Pharmaceuticals","Pharmaceuticals","NASDAQ","$1.25","1,565,520"
"PLRX","Pliant Therapeutics Inc","Health Care","Pharmaceuticals","Pharmaceuticals","NASDAQ","$1.26","2,220,510"
"SNGX","Soligenix Inc","Health Care","Biotechnology","Biotechnology","NASDAQ","$1.26","5,210,060"
"VANI","Vivani Medical Inc","Health Care","Health Care Equipment & Supplies","Health Care Equipment","NASDAQ","$1.26","204,140"
"ZNTL","Zentalis Pharmaceuticals Inc","Health Care","Biotechnology","Biotechnology","NASDAQ","$1.26","1,724,570"
"PDSB","PDS Biotechnology Corp","Health Care","Biotechnology","Biotechnology","NASDAQ","$1.27","505,280"
"CGC","Canopy Growth Corp","Health Care","Pharmaceuticals","Pharmaceuticals","NASDAQ","$1.28","--"
"CLYM","Climb Bio Inc","Health Care","Biotechnology","Biotechnology","NASDAQ","$1.28","573,170"
"ACRV","Acrivon Therapeutics Inc","Health Care","Biotechnology","Biotechnology","NASDAQ","$1.29","524,790"
"BEAT","Heartbeam Inc","Health Care","Health Care Equipment & Supplies","Health Care Equipment","NASDAQ","$1.29","162,660"
"AKAN","Akanda Corp","Health Care","Pharmaceuticals","Pharmaceuticals","NASDAQ","$1.30","87,250"
"RNXT","RenovoRx Inc","Health Care","Biotechnology","Biotechnology","NASDAQ","$1.30","177,090"
"IPA","Immunoprecise Antibodies Ltd","Health Care","Life Sciences Tools & Services","Life Sciences Tools & Services","NASDAQ","$1.31","1,122,620"
"LGVN","Longeveron Inc","Health Care","Biotechnology","Biotechnology","NASDAQ","$1.31","143,100"
"LVTX","LAVA Therapeutics NV","Health Care","Biotechnology","Biotechnology","NASDAQ","$1.32","12,610"
"XTLB","X T L Biopharmaceuticals Ltd","Health Care","Biotechnology","Biotechnology","NASDAQ","$1.32","132,080"
"IKNA","Ikena Oncology Inc","Health Care","Pharmaceuticals","Pharmaceuticals","NASDAQ","$1.33","38,940"
"INO","Inovio Pharmaceuticals Inc","Health Care","Biotechnology","Biotechnology","NASDAQ","$1.33","1,249,930"
"CASI","CASI Pharmaceuticals Inc","Health Care","Biotechnology","Biotechnology","NASDAQ","$1.33","81,240"
"LAB","Standard BioTools Inc","Health Care","Life Sciences Tools & Services","Life Sciences Tools & Services","NASDAQ","$1.35","4,326,490"
"AKYA","Akoya Biosciences Inc","Health Care","Life Sciences Tools & Services","Life Sciences Tools & Services","NASDAQ","$1.36","710,750"
"EVGN","Evogene Ltd","Health Care","Biotechnology","Biotechnology","NASDAQ","$1.36","155,560"
"IGMS","IGM Biosciences Inc","Health Care","Biotechnology","Biotechnology","NASDAQ","$1.36","1,933,120"
"OPK","OPKO Health Inc","Health Care","Health Care Providers & Services","Health Care Services","NASDAQ","$1.36","4,517,700"
"CRBU","Caribou Biosciences Inc","Health Care","Biotechnology","Biotechnology","NASDAQ","$1.37","2,347,110"
"ATPC","Agape ATP Corp","Health Care","Health Care Providers & Services","Health Care Distributors","NASDAQ","$1.38","61,690"
"NNVC","NanoViricides Inc","Health Care","Biotechnology","Biotechnology","NYS","$1.38","312,040"
"CLGN","Collplant Biotechnologies Ltd","Health Care","Biotechnology","Biotechnology","NASDAQ","$1.38","65,200"
"CRDL","Cardiol Therapeutics Inc","Health Care","Pharmaceuticals","Pharmaceuticals","NASDAQ","$1.39","--"
"OSRH","OSR Holdings Inc","Health Care","Biotechnology","Biotechnology","NASDAQ","$1.39","121,040"
"PRFX","PainReform Ltd","Health Care","Pharmaceuticals","Pharmaceuticals","NASDAQ","$1.40","329,390"
"ARAY","Accuray Inc","Health Care","Health Care Equipment & Supplies","Health Care Equipment","NASDAQ","$1.42","1,002,360"
"VYNE","Vyne Therapeutics Inc","Health Care","Pharmaceuticals","Pharmaceuticals","NASDAQ","$1.43","2,116,970"
"CAMP","CAMP4 Therapeutics Corp","Health Care","Biotechnology","Biotechnology","NASDAQ","$1.43","185,350"
"GERN","Geron Corp","Health Care","Biotechnology","Biotechnology","NASDAQ","$1.43","11,312,790"
"MYNZ","Mainz Biomed NV","Health Care","Biotechnology","Biotechnology","NASDAQ","$1.43","171,900"
"OGI","Organigram Global Inc","Health Care","Pharmaceuticals","Pharmaceuticals","NASDAQ","$1.43","--"
"ACRS","Aclaris Therapeutics Inc","Health Care","Pharmaceuticals","Pharmaceuticals","NASDAQ","$1.44","1,974,560"
"ATNM","Actinium Pharmaceuticals Inc","Health Care","Biotechnology","Biotechnology","NYS","$1.44","738,270"
"ERAS","Erasca Inc","Health Care","Biotechnology","Biotechnology","NASDAQ","$1.44","1,159,380"
"IVP","Inspire Veterinary Partners Inc","Health Care","Health Care Providers & Services","Health Care Facilities","NASDAQ","$1.44","30,880"
"QTTB","Q32 Bio Inc","Health Care","Biotechnology","Biotechnology","NASDAQ","$1.44","152,370"
"RPTX","Repare Therapeutics Inc","Health Care","Biotechnology","Biotechnology","NASDAQ","$1.44","84,390"
"GRI","GRI Bio Inc","Health Care","Biotechnology","Biotechnology","NASDAQ","$1.45","121,460"
"TRAW","Traws Pharma Inc","Health Care","Pharmaceuticals","Pharmaceuticals","NASDAQ","$1.45","116,930"
"MGNX","MacroGenics Inc","Health Care","Biotechnology","Biotechnology","NASDAQ","$1.46","1,660,800"
"SCNX","Scienture Holdings Inc","Health Care","Health Care Technology","Health Care Technology","NASDAQ","$1.46","167,070"
"CCCC","C4 Therapeutics Inc","Health Care","Biotechnology","Biotechnology","NASDAQ","$1.48","1,670,710"
"IOBT","IO Biotech Inc","Health Care","Biotechnology","Biotechnology","NASDAQ","$1.49","131,670"
"ANL","Adlai Nortye Ltd","Health Care","Biotechnology","Biotechnology","NASDAQ","$1.50","5,420"
"COCH","Envoy Medical Inc","Health Care","Health Care Equipment & Supplies","Health Care Equipment","NASDAQ","$1.50","18,260"
"ALEC","Alector Inc","Health Care","Biotechnology","Biotechnology","NASDAQ","$1.51","633,900"
"CBUS","Cibus Inc","Health Care","Biotechnology","Biotechnology","NASDAQ","$1.51","750,160"
"COCP","Cocrystal Pharma Inc","Health Care","Pharmaceuticals","Pharmaceuticals","NASDAQ","$1.51","16,350"
"TCRX","TScan Therapeutics Inc","Health Care","Biotechnology","Biotechnology","NASDAQ","$1.51","904,800"
"AMIX","Autonomix Medical Inc","Health Care","Health Care Equipment & Supplies","Health Care Equipment","NASDAQ","$1.52","4,665,030"
"ADGM","Adagio Medical Holdings Inc","Health Care","Health Care Equipment & Supplies","Health Care Equipment","NASDAQ","$1.53","43,570"
"OGEN","Oragenics Inc","Health Care","Biotechnology","Biotechnology","NYS","$1.53","1,867,740"
"CERS","Cerus Corp","Health Care","Health Care Equipment & Supplies","Health Care Supplies","NASDAQ","$1.54","1,382,190"
"PLX","Protalix Biotherapeutics Inc","Health Care","Biotechnology","Biotechnology","NYS","$1.54","1,891,840"
"RNTX","Rein Therapeutics Inc","Health Care","Biotechnology","Biotechnology","NASDAQ","$1.54","51,330"
"DCGO","DocGo Inc","Health Care","Health Care Providers & Services","Health Care Services","NASDAQ","$1.57","911,250"
"MRKR","Marker Therapeutics Inc","Health Care","Biotechnology","Biotechnology","NASDAQ","$1.57","51,570"
"TLSA","Tiziana Life Sciences Ltd","Health Care","Biotechnology","Biotechnology","NASDAQ","$1.57","251,240"
"VIVS","VivoSim Labs Inc","Health Care","Biotechnology","Biotechnology","NASDAQ","$1.57","39,650"
"BFRG","Bullfrog AI Holdings Inc","Health Care","Health Care Technology","Health Care Technology","NASDAQ","$1.58","157,840"
"CALC","CalciMedica Inc","Health Care","Pharmaceuticals","Pharmaceuticals","NASDAQ","$1.58","41,060"
"CLLS","Cellectis SA","Health Care","Biotechnology","Biotechnology","NASDAQ","$1.58","52,670"
"BRTX","BioRestorative Therapies Inc","Health Care","Biotechnology","Biotechnology","NASDAQ","$1.59","58,790"
"EDAP","Edap Tms SA","Health Care","Health Care Equipment & Supplies","Health Care Equipment","NASDAQ","$1.59","43,160"
"PACB","Pacific Biosciences of California Inc","Health Care","Life Sciences Tools & Services","Life Sciences Tools & Services","NASDAQ","$1.60","11,693,760"
"ARTV","Artiva Biotherapeutics Inc","Health Care","Biotechnology","Biotechnology","NASDAQ","$1.61","459,710"
"QNCX","Quince Therapeutics Inc","Health Care","Biotechnology","Biotechnology","NASDAQ","$1.61","341,990"
"BJDX","Bluejay Diagnostics Inc","Health Care","Health Care Equipment & Supplies","Health Care Equipment","NASDAQ","$1.62","55,840"
"PGEN","Precigen Inc","Health Care","Biotechnology","Biotechnology","NASDAQ","$1.62","2,226,430"
"CABA","Cabaletta Bio Inc","Health Care","Biotechnology","Biotechnology","NASDAQ","$1.63","2,511,000"
"GUTS","Fractyl Health Inc","Health Care","Health Care Equipment & Supplies","Health Care Equipment","NASDAQ","$1.65","1,340,800"
"JUNS","Jupiter Neurosciences Inc","Health Care","Pharmaceuticals","Pharmaceuticals","NASDAQ","$1.65","343,030"
"SBFM","Sunshine Biopharma Inc","Health Care","Biotechnology","Biotechnology","NASDAQ","$1.65","250,490"
"BMEA","Biomea Fusion Inc","Health Care","Biotechnology","Biotechnology","NASDAQ","$1.66","3,056,400"
"MGX","Metagenomi Inc","Health Care","Biotechnology","Biotechnology","NASDAQ","$1.67","828,450"
"GANX","Gain Therapeutics Inc","Health Care","Biotechnology","Biotechnology","NASDAQ","$1.69","394,260"
"APRE","Aprea Therapeutics Inc","Health Care","Biotechnology","Biotechnology","NASDAQ","$1.70","84,050"
"EPIX","ESSA Pharma Inc","Health Care","Biotechnology","Biotechnology","NASDAQ","$1.70","60,850"
"OTLK","Outlook Therapeutics Inc","Health Care","Biotechnology","Biotechnology","NASDAQ","$1.71","934,210"
"IMMP","Immutep Ltd","Health Care","Biotechnology","Biotechnology","NASDAQ","$1.72","111,780"
"NERV","Minerva Neurosciences Inc","Health Care","Biotechnology","Biotechnology","NASDAQ","$1.73","5,500"
"BMGL","Basel Medical Group Ltd","Health Care","Health Care Providers & Services","Health Care Services","NASDAQ","$1.74","581,020"
"CGEN","Compugen Ltd","Health Care","Biotechnology","Biotechnology","NASDAQ","$1.74","169,070"
"CRIS","Curis Inc","Health Care","Biotechnology","Biotechnology","NASDAQ","$1.75","175,430"
"GELS","Gelteq Ltd","Health Care","Pharmaceuticals","Pharmaceuticals","NASDAQ","$1.75","100,090"
"IOVA","Iovance Biotherapeutics Inc","Health Care","Biotechnology","Biotechnology","NASDAQ","$1.75","10,266,580"
"NKTX","Nkarta Inc","Health Care","Biotechnology","Biotechnology","NASDAQ","$1.75","509,760"
"SABS","SAB Biotherapeutics Inc","Health Care","Biotechnology","Biotechnology","NASDAQ","$1.75","8,740"
"IMRN","Immuron Ltd","Health Care","Biotechnology","Biotechnology","NASDAQ","$1.78","--"
"APUS","Apimeds Pharmaceuticals US Inc","Health Care","Biotechnology","Biotechnology","NYS","$1.78","23,950"
"INBS","Intelligent Bio Solutions Inc","Health Care","Health Care Equipment & Supplies","Health Care Equipment","NASDAQ","$1.78","142,580"
"QIPT","Quipt Home Medical Corp","Health Care","Health Care Providers & Services","Health Care Services","NASDAQ","$1.78","--"
"SXTC","China SXT Pharmaceuticals Inc","Health Care","Pharmaceuticals","Pharmaceuticals","NASDAQ","$1.78","62,620"
"ANEB","Anebulo Pharmaceuticals Inc","Health Care","Pharmaceuticals","Pharmaceuticals","NASDAQ","$1.81","25,890"
"GLMD","Galmed Pharmaceuticals Ltd","Health Care","Biotechnology","Biotechnology","NASDAQ","$1.81","420,940"
"IPHA","Innate Pharma SA","Health Care","Biotechnology","Biotechnology","NASDAQ","$1.82","10,880"
"THAR","Tharimmune Inc","Health Care","Biotechnology","Biotechnology","NASDAQ","$1.82","47,490"
"FBIO","Fortress Biotech Inc","Health Care","Biotechnology","Biotechnology","NASDAQ","$1.83","181,630"
"OSTX","OS Therapies Inc","Health Care","Biotechnology","Biotechnology","NYS","$1.83","344,610"
"CPHI","China Pharma Holdings Inc","Health Care","Pharmaceuticals","Pharmaceuticals","NYS","$1.84","97,280"
"ADAG","Adagene Inc","Health Care","Biotechnology","Biotechnology","NASDAQ","$1.85","79,090"
"MAIA","Maia Biotechnology Inc","Health Care","Biotechnology","Biotechnology","NYS","$1.85","723,270"
"IKT","Inhibikase Therapeutics Inc","Health Care","Biotechnology","Biotechnology","NASDAQ","$1.89","919,940"
"RFL","Rafael Holdings Inc","Health Care","Pharmaceuticals","Pharmaceuticals","NYS","$1.89","210,400"
"XFOR","X4 Pharmaceuticals Inc","Health Care","Biotechnology","Biotechnology","NASDAQ","$1.89","450,310"
"NRSN","Neurosense Therapeutics Ltd","Health Care","Biotechnology","Biotechnology","NASDAQ","$1.90","308,580"
"ENTX","Entera Bio Ltd","Health Care","Biotechnology","Biotechnology","NASDAQ","$1.91","24,420"
"VOR","Vor Biopharma Inc","Health Care","Biotechnology","Biotechnology","NASDAQ","$1.91","77,761,510"
"BTAI","BioXcel Therapeutics Inc","Health Care","Biotechnology","Biotechnology","NASDAQ","$1.93","408,350"
"OABI","OmniAb Inc","Health Care","Life Sciences Tools & Services","Life Sciences Tools & Services","NASDAQ","$1.93","625,500"
"BFLY","Butterfly Network Inc","Health Care","Health Care Equipment & Supplies","Health Care Equipment","NYS","$1.94","6,512,230"
"MIST","Milestone Pharmaceuticals Inc","Health Care","Pharmaceuticals","Pharmaceuticals","NASDAQ","$1.94","605,600"
"FORA","Forian Inc","Health Care","Health Care Technology","Health Care Technology","NASDAQ","$1.97","9,220"
"ERNA","Ernexa Therapeutics Inc","Health Care","Biotechnology","Biotechnology","NASDAQ","$1.98","149,830"
"WHWK","Whitehawk Therapeutics Inc","Health Care","Biotechnology","Biotechnology","NASDAQ","$1.99","176,300"
"RDHL","Redhill Biopharma Ltd","Health Care","Pharmaceuticals","Pharmaceuticals","NASDAQ","$2.00","16,870"
"VTGN","Vistagen Therapeutics Inc","Health Care","Biotechnology","Biotechnology","NASDAQ","$2.00","236,360"
"SAVA","Cassava Sciences Inc","Health Care","Pharmaceuticals","Pharmaceuticals","NASDAQ","$2.01","1,450,550"
"NOTV","Inotiv Inc","Health Care","Life Sciences Tools & Services","Life Sciences Tools & Services","NASDAQ","$2.03","583,770"
"CELU","Celularity Inc","Health Care","Biotechnology","Biotechnology","NASDAQ","$2.03","87,160"
"MYO","Myomo Inc","Health Care","Health Care Equipment & Supplies","Health Care Equipment","NYS","$2.03","1,097,950"
"CRON","Cronos Group Inc","Health Care","Pharmaceuticals","Pharmaceuticals","NASDAQ","$2.04","--"
"EDSA","Edesa Biotech Inc","Health Care","Biotechnology","Biotechnology","NASDAQ","$2.04","14,190"
"TELA","TELA Bio Inc","Health Care","Health Care Equipment & Supplies","Health Care Supplies","NASDAQ","$2.04","74,680"
"HLVX","Hillevax Inc","Health Care","Biotechnology","Biotechnology","NASDAQ","$2.06","702,450"
"ACIU","AC Immune SA","Health Care","Biotechnology","Biotechnology","NASDAQ","$2.07","148,330"
"VTYX","Ventyx Biosciences Inc","Health Care","Pharmaceuticals","Pharmaceuticals","NASDAQ","$2.08","2,249,850"
"BCDA","BioCardia Inc","Health Care","Biotechnology","Biotechnology","NASDAQ","$2.08","67,580"
"NUVB","Nuvation Bio Inc","Health Care","Pharmaceuticals","Pharmaceuticals","NYS","$2.09","8,707,160"
"CTXR","Citius Pharmaceuticals Inc","Health Care","Pharmaceuticals","Pharmaceuticals","NASDAQ","$2.10","2,720,560"
"SLS","Sellas Life Sciences Group Inc","Health Care","Biotechnology","Biotechnology","NASDAQ","$2.12","4,644,210"
"GDTC","CytoMed Therapeutics Ltd","Health Care","Biotechnology","Biotechnology","NASDAQ","$2.12","8,150"
"ATLN","Atlantic International Corp","Health Care","Life Sciences Tools & Services","Life Sciences Tools & Services","NASDAQ","$2.13","114,320"
"PRQR","ProQR Therapeutics NV","Health Care","Biotechnology","Biotechnology","NASDAQ","$2.13","495,770"
"QSI","Quantum-Si Inc","Health Care","Life Sciences Tools & Services","Life Sciences Tools & Services","NASDAQ","$2.14","9,318,660"
"HRTX","Heron Therapeutics Inc","Health Care","Biotechnology","Biotechnology","NASDAQ","$2.15","1,980,360"
"IMAB","I-Mab","Health Care","Biotechnology","Biotechnology","NASDAQ","$2.15","853,580"
"ELUT","Elutia Inc","Health Care","Biotechnology","Biotechnology","NASDAQ","$2.16","29,400"
"LUCY","Innovative Eyewear Inc","Health Care","Health Care Equipment & Supplies","Health Care Supplies","NASDAQ","$2.16","11,692,450"
"ORMP","Oramed Pharmaceuticals Inc","Health Care","Pharmaceuticals","Pharmaceuticals","NASDAQ","$2.16","86,370"
"ARMP","Armata Pharmaceuticals Inc","Health Care","Biotechnology","Biotechnology","NYS","$2.17","17,220"
"GALT","Galectin Therapeutics Inc","Health Care","Biotechnology","Biotechnology","NASDAQ","$2.17","1,517,320"
"INAB","IN8bio Inc","Health Care","Biotechnology","Biotechnology","NASDAQ","$2.18","159,290"
"SVRA","Savara Inc","Health Care","Biotechnology","Biotechnology","NASDAQ","$2.19","1,643,360"
"STXS","Stereotaxis Inc","Health Care","Health Care Equipment & Supplies","Health Care Equipment","NYS","$2.20","352,540"
"SNTI","Senti Biosciences Inc","Health Care","Biotechnology","Biotechnology","NASDAQ","$2.21","568,570"
"NSPR","InspireMD Inc","Health Care","Health Care Equipment & Supplies","Health Care Supplies","NASDAQ","$2.23","682,040"
"MXCT","MaxCyte Inc","Health Care","Life Sciences Tools & Services","Life Sciences Tools & Services","NASDAQ","$2.24","869,020"
"ACHV","Achieve Life Sciences Inc","Health Care","Biotechnology","Biotechnology","NASDAQ","$2.26","2,063,770"
"ADVM","Adverum Biotechnologies Inc","Health Care","Biotechnology","Biotechnology","NASDAQ","$2.26","498,130"
"ENSC","Ensysce Biosciences Inc","Health Care","Biotechnology","Biotechnology","NASDAQ","$2.27","38,810"
"SCNI","Scinai Immunotherapeutics Ltd","Health Care","Biotechnology","Biotechnology","NASDAQ","$2.27","117,730"
"SEER","Seer Inc","Health Care","Life Sciences Tools & Services","Life Sciences Tools & Services","NASDAQ","$2.27","156,550"
"HUMA","Humacyte Inc","Health Care","Biotechnology","Biotechnology","NASDAQ","$2.28","2,927,660"
"APYX","Apyx Medical Corp","Health Care","Health Care Equipment & Supplies","Health Care Equipment","NASDAQ","$2.29","93,800"
"AYTU","Aytu Biopharma Inc","Health Care","Pharmaceuticals","Pharmaceuticals","NASDAQ","$2.29","248,250"
"BYSI","Beyondspring Inc","Health Care","Biotechnology","Biotechnology","NASDAQ","$2.29","184,290"
"HITI","High Tide Inc","Health Care","Pharmaceuticals","Pharmaceuticals","NASDAQ","$2.34","--"
"ANRO","Alto Neuroscience Inc","Health Care","Pharmaceuticals","Pharmaceuticals","NYS","$2.35","577,000"
"ANVS","Annovis Bio Inc","Health Care","Biotechnology","Biotechnology","NYS","$2.36","541,900"
"THTX","Theratechnologies Inc","Health Care","Biotechnology","Biotechnology","NASDAQ","$2.36","--"
"AUTL","Autolus Therapeutics PLC","Health Care","Biotechnology","Biotechnology","NASDAQ","$2.37","1,768,590"
"OKUR","Onkure Therapeutics Inc","Health Care","Biotechnology","Biotechnology","NASDAQ","$2.38","70,910"
"DARE","Dare Bioscience Inc","Health Care","Pharmaceuticals","Pharmaceuticals","NASDAQ","$2.40","51,820"
"MEIP","MEI Pharma Inc","Health Care","Biotechnology","Biotechnology","NASDAQ","$2.40","38,270"
"PPBT","Purple Biotech Ltd","Health Care","Pharmaceuticals","Pharmaceuticals","NASDAQ","$2.40","23,370"
"ZYXI","Zynex Inc","Health Care","Health Care Equipment & Supplies","Health Care Equipment","NASDAQ","$2.40","361,760"
"RSLS","ReShape Lifesciences Inc","Health Care","Health Care Equipment & Supplies","Health Care Equipment","NASDAQ","$2.42","433,530"
"AGL","agilon health inc","Health Care","Health Care Providers & Services","Health Care Services","NYS","$2.43","3,331,230"
"TOI","Oncology Institute Inc","Health Care","Health Care Providers & Services","Health Care Facilities","NASDAQ","$2.44","2,469,230"
"XAGE","Longevity Health Holdings Inc","Health Care","Biotechnology","Biotechnology","NASDAQ","$2.44","70,370"
"KNW","Know Labs Inc","Health Care","Health Care Equipment & Supplies","Health Care Equipment","NYS","$2.45","1,148,660"
"TSHA","Taysha Gene Therapies Inc","Health Care","Biotechnology","Biotechnology","NASDAQ","$2.45","3,200,180"
"CCLD","CareCloud Inc","Health Care","Health Care Technology","Health Care Technology","NASDAQ","$2.46","703,870"
"SXTP","60 Degrees Pharmaceuticals Inc","Health Care","Pharmaceuticals","Pharmaceuticals","NASDAQ","$2.46","101,750"
"EVAX","Evaxion A/S","Health Care","Biotechnology","Biotechnology","NASDAQ","$2.47","105,780"
"PHIO","Phio Pharmaceuticals Corp","Health Care","Biotechnology","Biotechnology","NASDAQ","$2.48","248,170"
"AMS","American Shared Hospital Services","Health Care","Health Care Providers & Services","Health Care Services","NYS","$2.49","23,720"
"CVM","CEL-SCI Corp","Health Care","Biotechnology","Biotechnology","NYS","$2.49","343,900"
"SERA","Sera Prognostics Inc","Health Care","Biotechnology","Biotechnology","NASDAQ","$2.49","1,247,870"
"CTMX","CytomX Therapeutics Inc","Health Care","Biotechnology","Biotechnology","NASDAQ","$2.50","2,814,300"
"KLRS","Kalaris Therapeutics Inc","Health Care","Biotechnology","Biotechnology","NASDAQ","$2.50","39,270"
"MBOT","Microbot Medical Inc","Health Care","Health Care Equipment & Supplies","Health Care Equipment","NASDAQ","$2.50","874,750"
"INMB","INmune Bio Inc","Health Care","Biotechnology","Biotechnology","NASDAQ","$2.53","11,965,690"
"MDAI","Spectral AI Inc","Health Care","Health Care Equipment & Supplies","Health Care Equipment","NASDAQ","$2.53","698,080"
"IMMX","Immix Biopharma Inc","Health Care","Biotechnology","Biotechnology","NASDAQ","$2.55","143,030"
"CLOV","Clover Health Investments Corp","Health Care","Health Care Providers & Services","Managed Health Care","NASDAQ","$2.56","14,574,820"
"EDIT","Editas Medicine Inc","Health Care","Biotechnology","Biotechnology","NASDAQ","$2.57","3,508,000"
"NLSP","NLS Pharmaceutics AG","Health Care","Pharmaceuticals","Pharmaceuticals","NASDAQ","$2.57","405,550"
"VERO","Venus Concept Inc","Health Care","Health Care Equipment & Supplies","Health Care Equipment","NASDAQ","$2.57","2,092,120"
"BDTX","Black Diamond Therapeutics Inc","Health Care","Biotechnology","Biotechnology","NASDAQ","$2.58","1,624,810"
"JAGX","Jaguar Health Inc","Health Care","Pharmaceuticals","Pharmaceuticals","NASDAQ","$2.58","97,130"
"MURA","Mural Oncology PLC","Health Care","Biotechnology","Biotechnology","NASDAQ","$2.58","90,340"
"NRXS","Neuraxis Inc","Health Care","Health Care Equipment & Supplies","Health Care Equipment","NYS","$2.58","75,890"
"SSKN","Strata Skin Sciences Inc","Health Care","Health Care Equipment & Supplies","Health Care Equipment","NASDAQ","$2.58","20,230"
"HURA","TuHURA Biosciences Inc","Health Care","Biotechnology","Biotechnology","NASDAQ","$2.61","757,520"
"CMPX","Compass Therapeutics Inc.","Health Care","Biotechnology","Biotechnology","NASDAQ","$2.62","959,570"
"NXGL","Nexgel Inc","Health Care","Health Care Equipment & Supplies","Health Care Supplies","NASDAQ","$2.62","35,620"
"TALK","Talkspace Inc","Health Care","Health Care Providers & Services","Health Care Services","NASDAQ","$2.63","1,837,570"
"CELZ","Creative Medical Technology Holdings Inc","Health Care","Biotechnology","Biotechnology","NASDAQ","$2.67","78,670"
"MRVI","Maravai LifeSciences Holdings Inc","Health Care","Life Sciences Tools & Services","Life Sciences Tools & Services","NASDAQ","$2.67","2,346,010"
"EVOK","Evoke Pharma Inc","Health Care","Pharmaceuticals","Pharmaceuticals","NASDAQ","$2.69","14,500"
"IBRX","Immunitybio Inc","Health Care","Biotechnology","Biotechnology","NASDAQ","$2.72","6,736,950"
"LSTA","Lisata Therapeutics Inc","Health Care","Biotechnology","Biotechnology","NASDAQ","$2.73","20,930"
"ABSI","Absci Corp","Health Care","Biotechnology","Biotechnology","NASDAQ","$2.77","5,013,620"
"ATAI","ATAI Life Sciences NV","Health Care","Pharmaceuticals","Pharmaceuticals","NASDAQ","$2.77","8,349,750"
"CDXS","Codexis Inc","Health Care","Life Sciences Tools & Services","Life Sciences Tools & Services","NASDAQ","$2.77","1,066,250"
"LUNG","Pulmonx Corp","Health Care","Health Care Equipment & Supplies","Health Care Equipment","NASDAQ","$2.78","279,170"
"CDT","Conduit Pharmaceuticals Inc","Health Care","Life Sciences Tools & Services","Life Sciences Tools & Services","NASDAQ","$2.80","535,410"
"KYTX","Kyverna Therapeutics Inc","Health Care","Biotechnology","Biotechnology","NASDAQ","$2.81","806,660"
"LIXT","Lixte Biotechnology Holdings Inc","Health Care","Biotechnology","Biotechnology","NASDAQ","$2.83","5,206,640"
"GNLX","Genelux Corp","Health Care","Biotechnology","Biotechnology","NASDAQ","$2.84","81,420"
"ADCT","ADC Therapeutics SA","Health Care","Biotechnology","Biotechnology","NYS","$2.85","1,109,700"
"IMDX","Insight Molecular Diagnostics Inc","Health Care","Biotechnology","Biotechnology","NASDAQ","$2.85","258,350"
"KPRX","Kiora Pharmaceuticals Inc","Health Care","Pharmaceuticals","Pharmaceuticals","NASDAQ","$2.85","58,460"
"MREO","Mereo BioPharma Group PLC","Health Care","Biotechnology","Biotechnology","NASDAQ","$2.87","1,121,950"
"ANNX","Annexon Inc","Health Care","Biotechnology","Biotechnology","NASDAQ","$2.89","1,546,570"
"OBIO","Orchestra Biomed Holdings Inc","Health Care","Health Care Equipment & Supplies","Health Care Equipment","NASDAQ","$2.89","574,970"
"TARA","Protara Therapeutics Inc","Health Care","Biotechnology","Biotechnology","NASDAQ","$2.89","769,450"
"RCKT","Rocket Pharmaceuticals Inc","Health Care","Biotechnology","Biotechnology","NASDAQ","$2.90","4,614,020"
"INM","InMed Pharmaceuticals Inc","Health Care","Pharmaceuticals","Pharmaceuticals","NASDAQ","$2.91","11,305,590"
"MGRM","Monogram Technologies Inc","Health Care","Health Care Equipment & Supplies","Health Care Equipment","NASDAQ","$2.91","49,710"
"OKYO","OKYO Pharma Ltd","Health Care","Biotechnology","Biotechnology","NASDAQ","$2.91","145,640"
"SPRO","Spero Therapeutics Inc","Health Care","Biotechnology","Biotechnology","NASDAQ","$2.91","1,245,520"
"SNOA","Sonoma Pharmaceuticals Inc","Health Care","Pharmaceuticals","Pharmaceuticals","NASDAQ","$2.92","23,110"
"BCTX","Briacell Therapeutics Corp","Health Care","Biotechnology","Biotechnology","NASDAQ","$2.93","--"
"IMCC","IM Cannabis Corp","Health Care","Pharmaceuticals","Pharmaceuticals","NASDAQ","$2.96","173,340"
"SOPH","Sophia Genetics SA","Health Care","Health Care Technology","Health Care Technology","NASDAQ","$2.99","243,380"
"ALZN","Alzamend Neuro Inc","Health Care","Biotechnology","Biotechnology","NASDAQ","$3.00","243,900"
"IVA","Inventiva SA","Health Care","Biotechnology","Biotechnology","NASDAQ","$3.01","--"
"GRCE","Grace Therapeutics, Inc","Health Care","Pharmaceuticals","Pharmaceuticals","NASDAQ","$3.02","56,210"
"APVO","Aptevo Therapeutics Inc","Health Care","Biotechnology","Biotechnology","NASDAQ","$3.04","13,215,690"
"ELDN","Eledon Pharmaceuticals Inc","Health Care","Biotechnology","Biotechnology","NASDAQ","$3.06","1,094,600"
"OSUR","OraSure Technologies Inc","Health Care","Health Care Equipment & Supplies","Health Care Supplies","NASDAQ","$3.08","782,090"
"GTBP","GT Biopharma Inc","Health Care","Biotechnology","Biotechnology","NASDAQ","$3.10","86,820"
"ABVC","ABVC Biopharma Inc","Health Care","Biotechnology","Biotechnology","NASDAQ","$3.10","495,760"
"LPCN","Lipocine Inc","Health Care","Pharmaceuticals","Pharmaceuticals","NASDAQ","$3.11","30,910"
"PRME","Prime Medicine Inc","Health Care","Biotechnology","Biotechnology","NASDAQ","$3.11","4,665,520"
"CPIX","Cumberland Pharmaceuticals Inc","Health Care","Pharmaceuticals","Pharmaceuticals","NASDAQ","$3.15","175,860"
"AIFF","Firefly Neuroscience Inc","Health Care","Health Care Technology","Health Care Technology","NASDAQ","$3.16","2,944,220"
"DRTS","Alpha Tau Medical Ltd","Health Care","Health Care Equipment & Supplies","Health Care Equipment","NASDAQ","$3.17","41,190"
"LTRN","Lantern Pharma Inc","Health Care","Biotechnology","Biotechnology","NASDAQ","$3.18","35,010"
"XBIT","XBiotech Inc","Health Care","Biotechnology","Biotechnology","NASDAQ","$3.18","325,440"
"AIMD","Ainos Inc","Health Care","Biotechnology","Biotechnology","NASDAQ","$3.19","104,590"
"ANIX","Anixa Biosciences Inc","Health Care","Biotechnology","Biotechnology","NASDAQ","$3.19","121,980"
"SANA","Sana Biotechnology Inc","Health Care","Biotechnology","Biotechnology","NASDAQ","$3.19","6,784,070"
"LRMR","Larimar Therapeutics Inc","Health Care","Biotechnology","Biotechnology","NASDAQ","$3.20","1,562,400"
"OMER","Omeros Corp","Health Care","Pharmaceuticals","Pharmaceuticals","NASDAQ","$3.20","1,105,050"
"VYGR","Voyager Therapeutics Inc","Health Care","Biotechnology","Biotechnology","NASDAQ","$3.20","708,060"
"MDCX","Medicus Pharma Ltd","Health Care","Biotechnology","Biotechnology","NASDAQ","$3.22","286,450"
"BMRA","Biomerica Inc","Health Care","Health Care Equipment & Supplies","Health Care Equipment","NASDAQ","$3.23","71,810"
"ABUS","Arbutus Biopharma Corp","Health Care","Biotechnology","Biotechnology","NASDAQ","$3.24","1,113,100"
"MODV","ModivCare Inc","Health Care","Health Care Providers & Services","Health Care Services","NASDAQ","$3.25","1,167,020"
"CMPS","Compass Pathways PLC","Health Care","Biotechnology","Biotechnology","NASDAQ","$3.26","8,100,070"
"QLGN","Qualigen Therapeutics Inc","Health Care","Biotechnology","Biotechnology","NASDAQ","$3.26","14,520"
"CYCN","Cyclerion Therapeutics Inc","Health Care","Biotechnology","Biotechnology","NASDAQ","$3.30","39,480"
"NRXP","NRX Pharmaceuticals Inc","Health Care","Pharmaceuticals","Pharmaceuticals","NASDAQ","$3.32","237,780"
"SINT","SINTX Technologies Inc","Health Care","Health Care Equipment & Supplies","Health Care Equipment","NASDAQ","$3.33","29,170"
"ALMS","Alumis Inc","Health Care","Pharmaceuticals","Pharmaceuticals","NASDAQ","$3.40","1,105,390"
"BNGO","Bionano Genomics Inc","Health Care","Life Sciences Tools & Services","Life Sciences Tools & Services","NASDAQ","$3.40","95,330"
"BNR","Burning Rock Biotech Ltd","Health Care","Biotechnology","Biotechnology","NASDAQ","$3.40","17,660"
"STIM","Neuronetics Inc","Health Care","Health Care Equipment & Supplies","Health Care Equipment","NASDAQ","$3.40","1,253,370"
"CSCI","COSCIENS Biopharma Inc","Health Care","Biotechnology","Biotechnology","NASDAQ","$3.41","1,730"
"CYH","Community Health Systems Inc","Health Care","Health Care Providers & Services","Health Care Facilities","NYS","$3.41","2,817,180"
"OPT","Opthea Ltd","Health Care","Biotechnology","Biotechnology","NASDAQ","$3.41","0"
"IMRX","Immuneering Corp","Health Care","Biotechnology","Biotechnology","NASDAQ","$3.45","3,072,130"
"PTIX","Protagenic Therapeutics Inc","Health Care","Biotechnology","Biotechnology","NASDAQ","$3.48","192,160"
"EKSO","Ekso Bionics Holdings Inc","Health Care","Health Care Equipment & Supplies","Health Care Equipment","NASDAQ","$3.49","482,310"
"PYPD","PolyPid Ltd","Health Care","Pharmaceuticals","Pharmaceuticals","NASDAQ","$3.49","229,610"
"EUDA","EUDA Health Holdings Ltd","Health Care","Health Care Providers & Services","Health Care Services","NASDAQ","$3.52","103,090"
"GLTO","Galecto Inc","Health Care","Biotechnology","Biotechnology","NASDAQ","$3.54","13,580"
"RPID","Rapid Micro Biosystems Inc","Health Care","Life Sciences Tools & Services","Life Sciences Tools & Services","NASDAQ","$3.54","94,320"
"DMAC","DiaMedica Therapeutics Inc","Health Care","Biotechnology","Biotechnology","NASDAQ","$3.57","505,690"
"PBYI","Puma Biotechnology Inc","Health Care","Biotechnology","Biotechnology","NASDAQ","$3.58","342,940"
"CRDF","Cardiff Oncology Inc","Health Care","Biotechnology","Biotechnology","NASDAQ","$3.59","1,817,920"
"MNKD","MannKind Corp","Health Care","Biotechnology","Biotechnology","NASDAQ","$3.60","4,416,310"
"NDRA","ENDRA Life Sciences Inc","Health Care","Health Care Equipment & Supplies","Health Care Equipment","NASDAQ","$3.60","22,190"
"BBLG","Bone Biologics Corp","Health Care","Biotechnology","Biotechnology","NASDAQ","$3.62","2,878,360"
"KRMD","KORU Medical Systems Inc","Health Care","Health Care Equipment & Supplies","Health Care Equipment","NASDAQ","$3.62","755,570"
"AKBA","Akebia Therapeutics Inc","Health Care","Biotechnology","Biotechnology","NASDAQ","$3.63","5,141,650"
"RLAY","Relay Therapeutics Inc","Health Care","Biotechnology","Biotechnology","NASDAQ","$3.63","1,762,300"
"CATX","Perspective Therapeutics Inc","Health Care","Biotechnology","Biotechnology","NYS","$3.68","1,538,530"
"CDIO","Cardio Diagnostics Holdings Inc","Health Care","Biotechnology","Biotechnology","NASDAQ","$3.68","39,860"
"XBIO","Xenetic Biosciences Inc","Health Care","Biotechnology","Biotechnology","NASDAQ","$3.70","350,590"
"UPC","Universe Pharmaceuticals Inc","Health Care","Pharmaceuticals","Pharmaceuticals","NASDAQ","$3.70","19,910"
"AQST","Aquestive Therapeutics Inc","Health Care","Pharmaceuticals","Pharmaceuticals","NASDAQ","$3.72","1,338,870"
"AVIR","Atea Pharmaceuticals Inc","Health Care","Pharmaceuticals","Pharmaceuticals","NASDAQ","$3.74","457,110"
"ENGN","enGene Holdings Inc","Health Care","Biotechnology","Biotechnology","NASDAQ","$3.74","90,660"
"ICAD","ICAD Inc","Health Care","Health Care Technology","Health Care Technology","NASDAQ","$3.74","161,060"
"CTKB","Cytek Biosciences Inc","Health Care","Life Sciences Tools & Services","Life Sciences Tools & Services","NASDAQ","$3.76","1,364,860"
"MOLN","Molecular Partners AG","Health Care","Biotechnology","Biotechnology","NASDAQ","$3.76","2,310"
"DSGN","Design Therapeutics Inc","Health Care","Biotechnology","Biotechnology","NASDAQ","$3.77","101,180"
"HSCS","HeartSciences Inc","Health Care","Health Care Equipment & Supplies","Health Care Equipment","NASDAQ","$3.78","66,170"
"ABCL","Abcellera Biologics Inc","Health Care","Life Sciences Tools & Services","Life Sciences Tools & Services","NASDAQ","$3.80","7,651,330"
"AVR","Anteris Technologies Global Corp","Health Care","Health Care Equipment & Supplies","Health Care Equipment","NASDAQ","$3.80","389,590"
"TIVC","Tivic Health Systems Inc","Health Care","Health Care Equipment & Supplies","Health Care Equipment","NASDAQ","$3.83","18,440"
"GNFT","Genfit SA","Health Care","Biotechnology","Biotechnology","NASDAQ","$3.87","5,230"
"GNTA","Genenta Science SPA","Health Care","Biotechnology","Biotechnology","NASDAQ","$3.87","49,740"
"CTNM","Contineum Therapeutics Inc","Health Care","Pharmaceuticals","Pharmaceuticals","NASDAQ","$3.88","332,550"
"BDMD","Baird Medical Investment Holdings Ltd","Health Care","Health Care Equipment & Supplies","Health Care Equipment","NASDAQ","$3.93","464,580"
"CLNN","Clene Inc.","Health Care","Biotechnology","Biotechnology","NASDAQ","$3.95","59,670"
"CRVS","Corvus Pharmaceuticals Inc","Health Care","Biotechnology","Biotechnology","NASDAQ","$3.95","1,640,450"
"KOD","Kodiak Sciences Inc","Health Care","Biotechnology","Biotechnology","NASDAQ","$3.95","312,390"
"NVNO","enVVeno Medical Corp","Health Care","Health Care Equipment & Supplies","Health Care Equipment","NASDAQ","$3.95","93,470"
"SCPH","scPharmaceuticals Inc","Health Care","Pharmaceuticals","Pharmaceuticals","NASDAQ","$3.97","285,010"
"SHPH","Shuttle Pharmaceuticals Holdings Inc","Health Care","Biotechnology","Biotechnology","NASDAQ","$3.97","190,900"
"ALDX","Aldeyra Therapeutics Inc","Health Care","Biotechnology","Biotechnology","NASDAQ","$4.00","1,245,510"
"DH","Definitive Healthcare Corp","Health Care","Health Care Technology","Health Care Technology","NASDAQ","$4.03","933,380"
"ATHE","Alterity Therapeutics Ltd","Health Care","Biotechnology","Biotechnology","NASDAQ","$4.04","40,970"
"ORGO","Organogenesis Holdings Inc","Health Care","Biotechnology","Biotechnology","NASDAQ","$4.05","1,098,450"
"HCAT","Health Catalyst Inc","Health Care","Health Care Technology","Health Care Technology","NASDAQ","$4.06","732,250"
"RADX","Radiopharm Theranostics Ltd","Health Care","Biotechnology","Biotechnology","NASDAQ","$4.06","--"
"SONN","Sonnet Biotherapeutics Holdings Inc","Health Care","Biotechnology","Biotechnology","NASDAQ","$4.15","13,056,940"
"HCWB","HCW Biologics Inc","Health Care","Biotechnology","Biotechnology","NASDAQ","$4.17","440,020"
"PHLT","Performant Healthcare Inc","Health Care","Health Care Providers & Services","Health Care Services","NASDAQ","$4.19","284,020"
"EVO","Evotec SE","Health Care","Life Sciences Tools & Services","Life Sciences Tools & Services","NASDAQ","$4.20","118,270"
"SGHT","Sight Sciences Inc","Health Care","Health Care Equipment & Supplies","Health Care Equipment","NASDAQ","$4.21","201,040"
"BTMD","Biote Corp","Health Care","Pharmaceuticals","Pharmaceuticals","NASDAQ","$4.22","169,140"
"FDMT","4D Molecular Therapeutics Inc","Health Care","Biotechnology","Biotechnology","NASDAQ","$4.24","559,270"
"DTIL","Precision BioSciences Inc","Health Care","Biotechnology","Biotechnology","NASDAQ","$4.26","989,660"
"ARDX","Ardelyx Inc","Health Care","Biotechnology","Biotechnology","NASDAQ","$4.27","4,335,950"
"BIOA","BIOAGE Labs Inc","Health Care","Pharmaceuticals","Pharmaceuticals","NASDAQ","$4.28","425,560"
"YMAB","Y-mAbs Therapeutics Inc","Health Care","Biotechnology","Biotechnology","NASDAQ","$4.30","246,670"
"TERN","Terns Pharmaceuticals Inc","Health Care","Pharmaceuticals","Pharmaceuticals","NASDAQ","$4.32","896,250"
"CING","Cingulate Inc","Health Care","Pharmaceuticals","Pharmaceuticals","NASDAQ","$4.34","93,200"
"KPTI","Karyopharm Therapeutics Inc","Health Care","Biotechnology","Biotechnology","NASDAQ","$4.39","47,150"
"TTNP","Titan Pharmaceuticals Inc","Health Care","Pharmaceuticals","Pharmaceuticals","NASDAQ","$4.40","6,750"
"VVOS","Vivos Therapeutics Inc","Health Care","Health Care Providers & Services","Health Care Services","NASDAQ","$4.43","3,273,480"
"LXEO","Lexeo Therapeutics Inc","Health Care","Biotechnology","Biotechnology","NASDAQ","$4.45","554,050"
"CRGX","CARGO Therapeutics Inc","Health Care","Biotechnology","Biotechnology","NASDAQ","$4.46","390,080"
"INNV","InnovAge Holding Corp","Health Care","Health Care Providers & Services","Health Care Services","NASDAQ","$4.46","42,470"
"ACB","Aurora Cannabis Inc","Health Care","Pharmaceuticals","Pharmaceuticals","NASDAQ","$4.47","--"
"SBC","SBC Medical Group Holdings Inc","Health Care","Health Care Providers & Services","Health Care Services","NASDAQ","$4.47","207,800"
"OLMA","Olema Pharmaceuticals Inc","Health Care","Biotechnology","Biotechnology","NASDAQ","$4.57","1,089,670"
"KZR","Kezar Life Sciences Inc","Health Care","Biotechnology","Biotechnology","NASDAQ","$4.58","53,990"
"UNCY","Unicycive Therapeutics Inc","Health Care","Biotechnology","Biotechnology","NASDAQ","$4.60","1,720,670"
"BLRX","BioLine RX Ltd","Health Care","Biotechnology","Biotechnology","NASDAQ","$4.61","65,540"
"SKYE","Skye Bioscience Inc","Health Care","Biotechnology","Biotechnology","NASDAQ","$4.61","3,790,070"
"AVAH","Aveanna Healthcare Holdings Inc","Health Care","Health Care Providers & Services","Health Care Services","NASDAQ","$4.65","529,680"
"SRTS","Sensus Healthcare Inc","Health Care","Health Care Equipment & Supplies","Health Care Equipment","NASDAQ","$4.70","53,170"
"GDRX","GoodRx Holdings Inc","Health Care","Health Care Technology","Health Care Technology","NASDAQ","$4.71","1,699,700"
"CLRB","Cellectar Biosciences Inc","Health Care","Biotechnology","Biotechnology","NASDAQ","$4.73","238,570"
"XERS","Xeris Biopharma Holdings Inc","Health Care","Pharmaceuticals","Pharmaceuticals","NASDAQ","$4.75","2,215,220"
"ALT","Altimmune Inc","Health Care","Biotechnology","Biotechnology","NASDAQ","$4.76","18,044,230"
"LFST","LifeStance Health Group Inc","Health Care","Health Care Providers & Services","Health Care Services","NASDAQ","$4.79","2,844,270"
"VSTM","Verastem Inc","Health Care","Biotechnology","Biotechnology","NASDAQ","$4.80","3,563,940"
"DWTX","Dogwood Therapeutics Inc","Health Care","Biotechnology","Biotechnology","NASDAQ","$4.83","19,560"
"ONCO","Onconetix Inc","Health Care","Biotechnology","Biotechnology","NASDAQ","$4.85","179,920"
"RZLT","Rezolute Inc","Health Care","Biotechnology","Biotechnology","NASDAQ","$4.86","2,056,640"
"GLUE","Monte Rosa Therapeutics Inc","Health Care","Biotechnology","Biotechnology","NASDAQ","$4.87","448,790"
"NBTX","Nanobiotix SA","Health Care","Biotechnology","Biotechnology","NASDAQ","$4.87","2,290"
"ODYS","Odysight.AI Inc","Health Care","Health Care Equipment & Supplies","Health Care Equipment","NASDAQ","$4.92","15,080"
"APDN","Applied DNA Sciences Inc","Health Care","Life Sciences Tools & Services","Life Sciences Tools & Services","NASDAQ","$4.94","177,310"
"AVTX","Avalo Therapeutics Inc","Health Care","Biotechnology","Biotechnology","NASDAQ","$4.94","128,570"
"POCI","Precision Optics Corporation Inc","Health Care","Health Care Equipment & Supplies","Health Care Equipment","NASDAQ","$4.95","22,740"
"VNDA","Vanda Pharmaceuticals Inc","Health Care","Biotechnology","Biotechnology","NASDAQ","$4.97","392,360"
"XYLO","Xylo Technologies Ltd","Health Care","Health Care Equipment & Supplies","Health Care Equipment","NASDAQ","$4.98","2,110"
"SLDB","Solid Biosciences Inc","Health Care","Biotechnology","Biotechnology","NASDAQ","$5.03","2,176,190"
"CCEL","Cryo-Cell International Inc","Health Care","Health Care Providers & Services","Health Care Services","NYS","$5.05","20,350"
"TCRT","Alaunos Therapeutics Inc","Health Care","Biotechnology","Biotechnology","NASDAQ","$5.06","46,430"
"SNES","Senestech Inc","Health Care","Pharmaceuticals","Pharmaceuticals","NASDAQ","$5.07","380,010"
"TLSI","TriSalus Life Sciences Inc","Health Care","Biotechnology","Biotechnology","NASDAQ","$5.07","272,830"
"CADL","Candel Therapeutics Inc","Health Care","Biotechnology","Biotechnology","NASDAQ","$5.10","1,064,850"
"KALA","KALA BIO Inc","Health Care","Biotechnology","Biotechnology","NASDAQ","$5.10","99,230"
"FHTX","Foghorn Therapeutics Inc","Health Care","Biotechnology","Biotechnology","NASDAQ","$5.13","196,820"
"RCEL","AVITA Medical Inc","Health Care","Biotechnology","Biotechnology","NASDAQ","$5.17","353,240"
"SSII","SS Innovations International Inc","Health Care","Health Care Equipment & Supplies","Health Care Equipment","NASDAQ","$5.17","927,740"
"STRM","Streamline Health Solutions Inc","Health Care","Health Care Technology","Health Care Technology","NASDAQ","$5.20","40,300"
"TKNO","Alpha Teknova Inc","Health Care","Life Sciences Tools & Services","Life Sciences Tools & Services","NASDAQ","$5.21","423,690"
"CTOR","Citius Oncology Inc","Health Care","Biotechnology","Biotechnology","NASDAQ","$5.22","4,976,030"
"FTRE","Fortrea Holdings Inc","Health Care","Life Sciences Tools & Services","Life Sciences Tools & Services","NASDAQ","$5.22","3,247,950"
"RXRX","Recursion Pharmaceuticals Inc","Health Care","Biotechnology","Biotechnology","NASDAQ","$5.27","28,965,470"
"ATYR","aTyr Pharma Inc","Health Care","Biotechnology","Biotechnology","NASDAQ","$5.28","4,589,060"
"NNOX","Nano-X Imaging Ltd","Health Care","Health Care Providers & Services","Health Care Services","NASDAQ","$5.32","1,160,810"
"NEOG","Neogen Corp","Health Care","Health Care Equipment & Supplies","Health Care Supplies","NASDAQ","$5.33","8,537,920"
"ECOR","electroCore, Inc.","Health Care","Health Care Equipment & Supplies","Health Care Equipment","NASDAQ","$5.36","61,800"
"PLUR","Pluri Inc","Health Care","Biotechnology","Biotechnology","NASDAQ","$5.39","113,260"
"EPRX","Eupraxia Pharmaceuticals Inc","Health Care","Biotechnology","Biotechnology","NASDAQ","$5.39","--"
"AIRS","AirSculpt Technologies Inc","Health Care","Health Care Providers & Services","Health Care Services","NASDAQ","$5.40","587,850"
"VIR","Vir Biotechnology Inc","Health Care","Biotechnology","Biotechnology","NASDAQ","$5.41","1,244,570"
"THRD","Third Harmonic Bio Inc","Health Care","Pharmaceuticals","Pharmaceuticals","NASDAQ","$5.43","225,170"
"CVAC","CureVac NV","Health Care","Biotechnology","Biotechnology","NASDAQ","$5.45","988,560"
"AGEN","Agenus Inc","Health Care","Biotechnology","Biotechnology","NASDAQ","$5.51","1,195,740"
"SLN","Silence Therapeutics PLC","Health Care","Biotechnology","Biotechnology","NASDAQ","$5.52","119,190"
"CRVO","CervoMed Inc","Health Care","Biotechnology","Biotechnology","NASDAQ","$5.56","178,200"
"MYGN","Myriad Genetics Inc","Health Care","Biotechnology","Biotechnology","NASDAQ","$5.60","1,535,510"
"FGEN","FibroGen Inc","Health Care","Biotechnology","Biotechnology","NASDAQ","$5.61","61,290"
"CCM","Concord Medical Services Holdings Ltd","Health Care","Health Care Providers & Services","Health Care Services","NYS","$5.62","2,360"
"PBM","Psyence Biomedical Ltd","Health Care","Biotechnology","Biotechnology","NASDAQ","$5.65","38,890"
"STSS","Sharps Technology Inc","Health Care","Health Care Equipment & Supplies","Health Care Supplies","NASDAQ","$5.70","225,290"
"TNGX","Tango Therapeutics Inc","Health Care","Biotechnology","Biotechnology","NASDAQ","$5.70","3,503,890"
"IMTX","Immatics NV","Health Care","Biotechnology","Biotechnology","NASDAQ","$5.71","754,200"
"TENX","Tenax Therapeutics Inc","Health Care","Biotechnology","Biotechnology","NASDAQ","$5.74","71,540"
"COYA","Coya Therapeutics Inc","Health Care","Biotechnology","Biotechnology","NASDAQ","$5.78","68,760"
"ATXS","Astria Therapeutics Inc","Health Care","Biotechnology","Biotechnology","NASDAQ","$5.81","374,290"
"VALN","Valneva SE","Health Care","Biotechnology","Biotechnology","NASDAQ","$5.81","11,010"
"NTHI","NeOnc Technologies Holdings Inc","Health Care","Pharmaceuticals","Pharmaceuticals","NASDAQ","$5.83","61,430"
"PRTG","Portage Biotech Inc","Health Care","Biotechnology","Biotechnology","NASDAQ","$5.84","445,720"
"KURA","Kura Oncology Inc","Health Care","Biotechnology","Biotechnology","NASDAQ","$5.86","1,501,090"
"ABEO","Abeona Therapeutics Inc","Health Care","Biotechnology","Biotechnology","NASDAQ","$5.87","1,604,810"
"BOLT","Bolt Biotherapeutics Inc","Health Care","Biotechnology","Biotechnology","NASDAQ","$5.91","18,570"
"SER","Serina Therapeutics Inc","Health Care","Biotechnology","Biotechnology","NYS","$5.94","15,500"
"TRVI","Trevi Therapeutics Inc","Health Care","Pharmaceuticals","Pharmaceuticals","NASDAQ","$5.95","1,768,250"
"ZYBT","Zhengye Biotechnology Holding Ltd","Health Care","Pharmaceuticals","Pharmaceuticals","NASDAQ","$6.05","270,840"
"PROF","Profound Medical Corp","Health Care","Health Care Equipment & Supplies","Health Care Equipment","NASDAQ","$6.09","--"
"FOLD","Amicus Therapeutics Inc","Health Care","Biotechnology","Biotechnology","NASDAQ","$6.10","6,386,420"
"INFU","InfuSystem Holdings Inc","Health Care","Health Care Providers & Services","Health Care Services","NYS","$6.16","456,650"
"TMCI","Treace Medical Concepts Inc","Health Care","Health Care Equipment & Supplies","Health Care Equipment","NASDAQ","$6.18","359,350"
"MDXG","MiMedx Group Inc","Health Care","Biotechnology","Biotechnology","NASDAQ","$6.23","760,170"
"SCLX","Scilex Holding Co","Health Care","Pharmaceuticals","Pharmaceuticals","NASDAQ","$6.24","90,820"
"AMLX","Amylyx Pharmaceuticals Inc","Health Care","Pharmaceuticals","Pharmaceuticals","NASDAQ","$6.30","2,852,810"
"AUNA","Auna SA","Health Care","Health Care Providers & Services","Health Care Facilities","NYS","$6.33","74,390"
"ICCC","ImmuCell Corp","Health Care","Biotechnology","Biotechnology","NASDAQ","$6.39","75,950"
"PRTA","Prothena Corporation PLC","Health Care","Biotechnology","Biotechnology","NASDAQ","$6.44","2,246,860"
"SPRC","Scisparc Ltd","Health Care","Pharmaceuticals","Pharmaceuticals","NASDAQ","$6.52","244,430"
"GCTK","GlucoTrack Inc","Health Care","Health Care Equipment & Supplies","Health Care Equipment","NASDAQ","$6.53","3,124,310"
"APLM","Apollomics Inc","Health Care","Biotechnology","Biotechnology","NASDAQ","$6.56","10,090"
"AURA","Aura Biosciences Inc","Health Care","Biotechnology","Biotechnology","NASDAQ","$6.56","292,570"
"CVRX","CVRx Inc","Health Care","Health Care Equipment & Supplies","Health Care Equipment","NASDAQ","$6.58","172,810"
"ACTU","Actuate Therapeutics Inc","Health Care","Biotechnology","Biotechnology","NASDAQ","$6.59","248,670"
"CUPR","Cuprina Holdings (Cayman) Ltd","Health Care","Health Care Equipment & Supplies","Health Care Supplies","NASDAQ","$6.68","131,860"
"PIII","P3 Health Partners Inc","Health Care","Health Care Providers & Services","Health Care Services","NASDAQ","$6.69","4,100"
"SIGA","SIGA Technologies Inc","Health Care","Pharmaceuticals","Pharmaceuticals","NASDAQ","$6.69","409,460"
"KZIA","Kazia Therapeutics Ltd","Health Care","Biotechnology","Biotechnology","NASDAQ","$6.75","79,550"
"JSPR","Jasper Therapeutics Inc","Health Care","Biotechnology","Biotechnology","NASDAQ","$6.77","539,810"
"XCUR","Exicure Inc","Health Care","Biotechnology","Biotechnology","NASDAQ","$6.78","462,790"
"DAWN","Day One Biopharmaceuticals Inc","Health Care","Biotechnology","Biotechnology","NASDAQ","$6.80","1,565,610"
"NVAX","Novavax Inc","Health Care","Biotechnology","Biotechnology","NASDAQ","$6.80","4,984,350"
"BKD","Brookdale Senior Living Inc","Health Care","Health Care Providers & Services","Health Care Facilities","NYS","$6.84","4,133,240"
"NEUE","NeueHealth Inc","Health Care","Health Care Providers & Services","Managed Health Care","NYS","$6.87","11,430"
"FULC","Fulcrum Therapeutics Inc","Health Care","Pharmaceuticals","Pharmaceuticals","NASDAQ","$6.92","667,920"
"WVE","WAVE Life Sciences Ltd","Health Care","Pharmaceuticals","Pharmaceuticals","NASDAQ","$6.95","1,237,930"
"QTRX","Quanterix Corp","Health Care","Life Sciences Tools & Services","Life Sciences Tools & Services","NASDAQ","$6.98","870,700"
"EBS","Emergent BioSolutions Inc","Health Care","Biotechnology","Biotechnology","NYS","$6.99","1,935,300"
"PULM","Pulmatrix Inc","Health Care","Pharmaceuticals","Pharmaceuticals","NASDAQ","$7.00","104,880"
"BVS","Bioventus Inc","Health Care","Health Care Equipment & Supplies","Health Care Supplies","NASDAQ","$7.02","587,860"
"DERM","Journey Medical Corp","Health Care","Pharmaceuticals","Pharmaceuticals","NASDAQ","$7.04","280,280"
"XGN","Exagen Inc","Health Care","Biotechnology","Biotechnology","NASDAQ","$7.05","243,670"
"BHC","Bausch Health Companies Inc","Health Care","Pharmaceuticals","Pharmaceuticals","NYS","$7.06","2,692,530"
"NEUP","Neuphoria Therapeutics Inc","Health Care","Biotechnology","Biotechnology","NASDAQ","$7.13","35,870"
"TPST","Tempest Therapeutics Inc","Health Care","Biotechnology","Biotechnology","NASDAQ","$7.13","87,450"
"VMD","Viemed Healthcare Inc","Health Care","Health Care Providers & Services","Health Care Services","NASDAQ","$7.15","271,970"
"MNMD","Mind Medicine (MindMed) Inc","Health Care","Pharmaceuticals","Pharmaceuticals","NASDAQ","$7.17","1,478,140"
"TRDA","Entrada Therapeutics Inc","Health Care","Biotechnology","Biotechnology","NASDAQ","$7.23","177,180"
"INKT","Mink Therapeutics Inc","Health Care","Biotechnology","Biotechnology","NASDAQ","$7.23","27,550"
"ALGS","Aligos Therapeutics Inc","Health Care","Biotechnology","Biotechnology","NASDAQ","$7.31","93,890"
"NEO","Neogenomics Inc","Health Care","Health Care Providers & Services","Health Care Services","NASDAQ","$7.40","2,010,030"
"BCYC","Bicycle Therapeutics PLC","Health Care","Biotechnology","Biotechnology","NASDAQ","$7.43","371,110"
"CYRX","Cryoport Inc","Health Care","Life Sciences Tools & Services","Life Sciences Tools & Services","NASDAQ","$7.44","660,210"
"PSNL","Personalis Inc","Health Care","Life Sciences Tools & Services","Life Sciences Tools & Services","NASDAQ","$7.45","2,322,650"
"SLGL","Sol Gel Technologies Ltd","Health Care","Pharmaceuticals","Pharmaceuticals","NASDAQ","$7.47","6,250"
"COEP","Coeptis Therapeutics Holdings Inc","Health Care","Biotechnology","Biotechnology","NASDAQ","$7.48","41,650"
"INGN","Inogen Inc","Health Care","Health Care Equipment & Supplies","Health Care Equipment","NASDAQ","$7.49","227,630"
"MGTX","MeiraGTx Holdings PLC","Health Care","Biotechnology","Biotechnology","NASDAQ","$7.51","458,700"
"NVCT","Nuvectis Pharma Inc","Health Care","Biotechnology","Biotechnology","NASDAQ","$7.52","284,840"
"COGT","Cogent Biosciences Inc","Health Care","Biotechnology","Biotechnology","NASDAQ","$7.58","2,680,910"
"AUPH","Aurinia Pharmaceuticals Inc","Health Care","Biotechnology","Biotechnology","NASDAQ","$7.59","2,225,210"
"RBOT","Vicarious Surgical Inc","Health Care","Health Care Equipment & Supplies","Health Care Equipment","NYS","$7.61","10,460"
"EHAB","Enhabit Inc","Health Care","Health Care Providers & Services","Health Care Services","NYS","$7.65","837,830"
"ACON","Aclarion Inc","Health Care","Health Care Technology","Health Care Technology","NASDAQ","$7.68","15,390"
"CRBP","Corbus Pharmaceuticals Holdings Inc","Health Care","Biotechnology","Biotechnology","NASDAQ","$7.75","312,840"
"CSBR","Champions Oncology Inc","Health Care","Life Sciences Tools & Services","Life Sciences Tools & Services","NASDAQ","$7.77","22,050"
"NYXH","Nyxoah SA","Health Care","Health Care Equipment & Supplies","Health Care Equipment","NASDAQ","$7.77","--"
"GYRE","Gyre Therapeutics Inc","Health Care","Biotechnology","Biotechnology","NASDAQ","$7.80","266,210"
"CGEM","Cullinan Therapeutics Inc","Health Care","Biotechnology","Biotechnology","NASDAQ","$7.81","459,100"
"ELTX","Elicio Therapeutics Inc","Health Care","Biotechnology","Biotechnology","NASDAQ","$7.85","61,110"
"ALTS","ALT5 Sigma Corp","Health Care","Pharmaceuticals","Pharmaceuticals","NASDAQ","$7.88","345,170"
"KMDA","Kamada Ltd","Health Care","Biotechnology","Biotechnology","NASDAQ","$7.88","89,890"
"ENTA","Enanta Pharmaceuticals Inc","Health Care","Biotechnology","Biotechnology","NASDAQ","$7.89","149,950"
"CYBN","Cybin Inc","Health Care","Pharmaceuticals","Pharmaceuticals","NYS","$7.94","--"
"ARVN","Arvinas Inc","Health Care","Pharmaceuticals","Pharmaceuticals","NASDAQ","$7.95","1,856,930"
"ABVX","Abivax SA","Health Care","Biotechnology","Biotechnology","NASDAQ","$7.96","--"
"VIGL","Vigil Neuroscience Inc","Health Care","Biotechnology","Biotechnology","NASDAQ","$7.99","977,050"
"PRE","Prenetics Global Ltd","Health Care","Health Care Providers & Services","Health Care Services","NASDAQ","$8.00","119,950"
"LFCR","Lifecore Biomedical Inc","Health Care","Life Sciences Tools & Services","Life Sciences Tools & Services","NASDAQ","$8.04","301,090"
"RAPT","RAPT Therapeutics Inc","Health Care","Biotechnology","Biotechnology","NASDAQ","$8.05","158,820"
"TAOX","TAO Synergies Inc","Health Care","Biotechnology","Biotechnology","NASDAQ","$8.08","457,060"
"SGMT","Sagimet Biosciences Inc","Health Care","Biotechnology","Biotechnology","NASDAQ","$8.25","1,439,840"
"RNAZ","Transcode Therapeutics Inc","Health Care","Biotechnology","Biotechnology","NASDAQ","$8.29","27,720"
"TDOC","Teladoc Health Inc","Health Care","Health Care Technology","Health Care Technology","NYS","$8.29","12,038,600"
"AMRX","Amneal Pharmaceuticals Inc","Health Care","Pharmaceuticals","Pharmaceuticals","NASDAQ","$8.42","2,082,690"
"XNCR","Xencor Inc","Health Care","Biotechnology","Biotechnology","NASDAQ","$8.42","1,000,600"
"ATRA","Atara Biotherapeutics Inc","Health Care","Biotechnology","Biotechnology","NASDAQ","$8.47","34,010"
"RCUS","Arcus Biosciences Inc","Health Care","Biotechnology","Biotechnology","NYS","$8.47","1,207,660"
"AMWL","American Well Corp","Health Care","Health Care Technology","Health Care Technology","NYS","$8.51","44,460"
"OWLT","Owlet Inc","Health Care","Health Care Equipment & Supplies","Health Care Equipment","NYS","$8.53","100,250"
"FENC","Fennec Pharmaceuticals Inc","Health Care","Biotechnology","Biotechnology","NASDAQ","$8.54","84,090"
"RGNX","Regenxbio Inc","Health Care","Biotechnology","Biotechnology","NASDAQ","$8.74","1,000,390"
"SRZN","Surrozen Inc","Health Care","Biotechnology","Biotechnology","NASDAQ","$8.74","34,740"
"DYN","Dyne Therapeutics Inc","Health Care","Biotechnology","Biotechnology","NASDAQ","$8.76","3,515,620"
"VREX","Varex Imaging Corp","Health Care","Health Care Equipment & Supplies","Health Care Equipment","NASDAQ","$8.80","504,800"
"IMNM","Immunome Inc","Health Care","Biotechnology","Biotechnology","NASDAQ","$8.84","1,299,240"
"AIM","AIM ImmunoTech Inc","Health Care","Biotechnology","Biotechnology","NYS","$8.85","17,320"
"PHAT","Phathom Pharmaceuticals Inc","Health Care","Pharmaceuticals","Pharmaceuticals","NASDAQ","$8.92","1,748,680"
"AVDL","Avadel Pharmaceuticals PLC","Health Care","Pharmaceuticals","Pharmaceuticals","NASDAQ","$8.93","2,093,420"
"BCRX","BioCryst Pharmaceuticals Inc","Health Care","Biotechnology","Biotechnology","NASDAQ","$8.94","4,033,620"
"SNDX","Syndax Pharmaceuticals Inc","Health Care","Biotechnology","Biotechnology","NASDAQ","$9.00","2,301,640"
"LIMN","Liminatus Pharma Inc","Health Care","Biotechnology","Biotechnology","NASDAQ","$9.02","410,010"
"BCAX","Bicara Therapeutics Inc","Health Care","Biotechnology","Biotechnology","NASDAQ","$9.03","974,740"
"GRFS","Grifols SA","Health Care","Biotechnology","Biotechnology","NASDAQ","$9.08","640,430"
"ADXN","Addex Therapeutics Ltd","Health Care","Pharmaceuticals","Pharmaceuticals","NASDAQ","$9.13","23,740"
"ALVO","Alvotech SA","Health Care","Biotechnology","Biotechnology","NASDAQ","$9.19","201,460"
"QNRX","Quoin Pharmaceuticals Ltd","Health Care","Biotechnology","Biotechnology","NASDAQ","$9.19","9,650"
"SAGE","SAGE Therapeutics Inc","Health Care","Biotechnology","Biotechnology","NASDAQ","$9.20","2,030,220"
"OMI","Owens & Minor Inc","Health Care","Health Care Providers & Services","Health Care Distributors","NYS","$9.21","1,798,530"
"SNSE","Sensei Biotherapeutics Inc","Health Care","Biotechnology","Biotechnology","NASDAQ","$9.27","15,030"
"EOLS","Evolus Inc","Health Care","Pharmaceuticals","Pharmaceuticals","NASDAQ","$9.27","843,460"
"LYRA","Lyra Therapeutics Inc","Health Care","Pharmaceuticals","Pharmaceuticals","NASDAQ","$9.31","174,910"
"VTRS","Viatris Inc","Health Care","Pharmaceuticals","Pharmaceuticals","NASDAQ","$9.32","12,590,680"
"AHCO","Adapthealth Corp","Health Care","Health Care Providers & Services","Health Care Distributors","NASDAQ","$9.37","2,305,190"
"REPL","Replimune Group Inc","Health Care","Biotechnology","Biotechnology","NASDAQ","$9.40","1,307,000"
"CERO","CERo Therapeutics Holdings Inc","Health Care","Biotechnology","Biotechnology","NASDAQ","$9.46","859,490"
"ANGO","AngioDynamics Inc","Health Care","Health Care Equipment & Supplies","Health Care Equipment","NASDAQ","$9.58","549,910"
"MENS","Jyong Biotech Ltd","Health Care","Biotechnology","Biotechnology","NASDAQ","$9.62","252,250"
"OCUL","Ocular Therapeutix Inc","Health Care","Pharmaceuticals","Pharmaceuticals","NASDAQ","$9.62","2,710,360"
"BSGM","BioSig Technologies Inc","Health Care","Health Care Equipment & Supplies","Health Care Equipment","NASDAQ","$9.65","810,980"
"LYEL","Lyell Immunopharma Inc","Health Care","Biotechnology","Biotechnology","NASDAQ","$9.69","222,230"
"EYPT","EyePoint Pharmaceuticals Inc","Health Care","Pharmaceuticals","Pharmaceuticals","NASDAQ","$9.72","889,220"
"ZVRA","Zevra Therapeutics Inc","Health Care","Pharmaceuticals","Pharmaceuticals","NASDAQ","$9.74","660,420"
"DXR","Daxor Corp","Health Care","Health Care Equipment & Supplies","Health Care Equipment","NASDAQ","$9.75","8,670"
"BGM","BGM Group Ltd","Health Care","Pharmaceuticals","Pharmaceuticals","NASDAQ","$9.76","101,060"
"HSDT","Helius Medical Technologies Inc","Health Care","Health Care Equipment & Supplies","Health Care Equipment","NASDAQ","$9.76","284,730"
"GLSI","Greenwich Lifesciences Inc","Health Care","Biotechnology","Biotechnology","NASDAQ","$9.88","49,520"
"OGN","Organon & Co","Health Care","Pharmaceuticals","Pharmaceuticals","NYS","$9.96","3,732,390"
"TYRA","Tyra Biosciences Inc","Health Care","Biotechnology","Biotechnology","NASDAQ","$10.00","438,450"
"CAPR","Capricor Therapeutics Inc","Health Care","Biotechnology","Biotechnology","NASDAQ","$10.02","4,247,170"
"ZBIO","Zenas Biopharma Inc","Health Care","Biotechnology","Biotechnology","NASDAQ","$10.03","198,000"
"TCMD","Tactile Systems Technology Inc","Health Care","Health Care Equipment & Supplies","Health Care Equipment","NASDAQ","$10.13","236,570"
"ETNB","89Bio Inc","Health Care","Biotechnology","Biotechnology","NASDAQ","$10.16","2,086,480"
"ITOS","Iteos Therapeutics Inc","Health Care","Biotechnology","Biotechnology","NASDAQ","$10.18","911,850"
"EXOZ","eXoZymes Inc","Health Care","Biotechnology","Biotechnology","NASDAQ","$10.20","19,420"
"HLN","Haleon PLC","Health Care","Pharmaceuticals","Pharmaceuticals","NYS","$10.25","15,080,390"
"ZIMV","ZimVie Inc","Health Care","Health Care Equipment & Supplies","Health Care Equipment","NASDAQ","$10.25","168,110"
"DVAX","Dynavax Technologies Corp","Health Care","Biotechnology","Biotechnology","NASDAQ","$10.27","2,199,080"
"DBVT","Dbv Technologies SA","Health Care","Biotechnology","Biotechnology","NASDAQ","$10.30","34,040"
"EMBC","Embecta Corp","Health Care","Health Care Equipment & Supplies","Health Care Supplies","NASDAQ","$10.32","834,010"
"RGC","Regencell Bioscience Holdings Ltd","Health Care","Pharmaceuticals","Pharmaceuticals","NASDAQ","$10.36","1,541,970"
"NPCE","Neuropace Inc","Health Care","Health Care Equipment & Supplies","Health Care Equipment","NASDAQ","$10.39","552,960"
"PHAR","Pharming Group NV","Health Care","Biotechnology","Biotechnology","NASDAQ","$10.58","--"
"MESO","Mesoblast Ltd","Health Care","Biotechnology","Biotechnology","NASDAQ","$10.68","246,460"
"ACOG","Alpha Cognition Inc","Health Care","Biotechnology","Biotechnology","NASDAQ","$10.69","74,600"
"NTRB","Nutriband Inc","Health Care","Pharmaceuticals","Pharmaceuticals","NASDAQ","$10.72","208,580"
"NTLA","Intellia Therapeutics Inc","Health Care","Biotechnology","Biotechnology","NASDAQ","$10.74","4,671,970"
"AVXL","Anavex Life Sciences Corp","Health Care","Biotechnology","Biotechnology","NASDAQ","$10.79","1,200,620"
"ORIC","Oric Pharmaceuticals Inc","Health Care","Biotechnology","Biotechnology","NASDAQ","$10.80","1,217,550"
"ATEC","Alphatec Holdings Inc","Health Care","Health Care Equipment & Supplies","Health Care Equipment","NASDAQ","$10.99","1,802,380"
"ROIV","Roivant Sciences Ltd","Health Care","Biotechnology","Biotechnology","NASDAQ","$10.99","9,482,110"
"ARTL","Artelo Biosciences Inc","Health Care","Pharmaceuticals","Pharmaceuticals","NASDAQ","$11.03","2,815,810"
"AXGN","AxoGen Inc","Health Care","Health Care Equipment & Supplies","Health Care Equipment","NASDAQ","$11.06","742,440"
"INDP","Indaptus Therapeutics Inc","Health Care","Biotechnology","Biotechnology","NASDAQ","$11.09","1,359,700"
"OFIX","Orthofix Medical Inc","Health Care","Health Care Equipment & Supplies","Health Care Equipment","NASDAQ","$11.12","538,470"
"JBIO","Jade Biosciences Inc","Health Care","Biotechnology","Biotechnology","NASDAQ","$11.14","992,310"
"TBPH","Theravance Biopharma Inc","Health Care","Pharmaceuticals","Pharmaceuticals","NASDAQ","$11.15","277,280"
"UPB","Upstream Bio Inc","Health Care","Biotechnology","Biotechnology","NASDAQ","$11.20","689,930"
"RNAC","Cartesian Therapeutics Inc","Health Care","Biotechnology","Biotechnology","NASDAQ","$11.21","82,370"
"ANIK","Anika Therapeutics Inc","Health Care","Biotechnology","Biotechnology","NASDAQ","$11.25","125,220"
"VERV","Verve Therapeutics Inc","Health Care","Biotechnology","Biotechnology","NASDAQ","$11.28","5,143,080"
"CLPT","Clearpoint Neuro Inc","Health Care","Health Care Equipment & Supplies","Health Care Equipment","NASDAQ","$11.29","731,530"
"PRPO","Precipio Inc","Health Care","Health Care Providers & Services","Health Care Services","NASDAQ","$11.30","11,590"
"CERT","Certara Inc","Health Care","Health Care Technology","Health Care Technology","NASDAQ","$11.33","1,983,900"
"SEPN","Septerna Inc","Health Care","Pharmaceuticals","Pharmaceuticals","NASDAQ","$11.37","598,580"
"STOK","Stoke Therapeutics Inc","Health Care","Biotechnology","Biotechnology","NASDAQ","$11.48","627,060"
"MAZE","Maze Therapeutics Inc","Health Care","Pharmaceuticals","Pharmaceuticals","NASDAQ","$11.50","137,130"
"CRMD","CorMedix Inc","Health Care","Pharmaceuticals","Pharmaceuticals","NASDAQ","$11.62","3,320,090"
"JYNT","Joint Corp","Health Care","Health Care Providers & Services","Health Care Facilities","NASDAQ","$11.69","98,190"
"SHC","Sotera Health Co","Health Care","Life Sciences Tools & Services","Life Sciences Tools & Services","NASDAQ","$11.75","1,378,550"
"EVH","Evolent Health Inc","Health Care","Health Care Technology","Health Care Technology","NYS","$11.79","4,563,220"
"ADPT","Adaptive Biotechnologies Corp","Health Care","Life Sciences Tools & Services","Life Sciences Tools & Services","NASDAQ","$11.80","3,380,830"
"MCRB","Seres Therapeutics Inc","Health Care","Biotechnology","Biotechnology","NASDAQ","$11.87","134,760"
"KALV","Kalvista Pharmaceuticals Inc","Health Care","Biotechnology","Biotechnology","NASDAQ","$11.98","1,381,790"
"RAPP","Rapport Therapeutics Inc","Health Care","Pharmaceuticals","Pharmaceuticals","NASDAQ","$12.04","157,800"
"LQDA","Liquidia Corp","Health Care","Pharmaceuticals","Pharmaceuticals","NASDAQ","$12.06","2,084,120"
"AVNS","Avanos Medical Inc","Health Care","Health Care Equipment & Supplies","Health Care Supplies","NYS","$12.35","508,130"
"CVKD","Cadrenal Therapeutics Inc","Health Care","Pharmaceuticals","Pharmaceuticals","NASDAQ","$12.44","43,220"
"MBX","MBX Biosciences Inc","Health Care","Pharmaceuticals","Pharmaceuticals","NASDAQ","$12.47","445,270"
"LFMD","LifeMD Inc","Health Care","Health Care Technology","Health Care Technology","NASDAQ","$12.50","2,390,310"
"DCTH","Delcath Systems Inc","Health Care","Health Care Equipment & Supplies","Health Care Equipment","NASDAQ","$12.51","1,127,470"
"NAGE","Niagen Bioscience Inc","Health Care","Life Sciences Tools & Services","Life Sciences Tools & Services","NASDAQ","$12.58","1,144,100"
"ORKA","Oruka Therapeutics Inc","Health Care","Biotechnology","Biotechnology","NASDAQ","$12.60","532,060"
"NRIX","Nurix Therapeutics Inc","Health Care","Biotechnology","Biotechnology","NASDAQ","$12.73","810,200"
"BNTC","Benitec Biopharma Inc","Health Care","Biotechnology","Biotechnology","NASDAQ","$12.74","375,760"
"CCRN","Cross Country Healthcare Inc","Health Care","Health Care Providers & Services","Health Care Services","NASDAQ","$13.01","309,900"
"TXG","10X Genomics Inc","Health Care","Life Sciences Tools & Services","Life Sciences Tools & Services","NASDAQ","$13.01","5,344,550"
"EWTX","Edgewise Therapeutics Inc","Health Care","Pharmaceuticals","Pharmaceuticals","NASDAQ","$13.03","935,580"
"CELC","Celcuity Inc","Health Care","Biotechnology","Biotechnology","NASDAQ","$13.04","266,590"
"ZYME","Zymeworks Inc","Health Care","Biotechnology","Biotechnology","NASDAQ","$13.04","604,040"
"RXST","Rxsight Inc","Health Care","Health Care Equipment & Supplies","Health Care Supplies","NASDAQ","$13.05","704,960"
"NAKA","Kindly MD Inc","Health Care","Health Care Providers & Services","Health Care Services","NASDAQ","$13.12","557,490"
"OPRX","OptimizeRx Corp","Health Care","Health Care Technology","Health Care Technology","NASDAQ","$13.12","277,250"
"PACS","Pacs Group Inc","Health Care","Health Care Providers & Services","Health Care Facilities","NYS","$13.14","982,830"
"LNSR","LENSAR Inc","Health Care","Health Care Equipment & Supplies","Health Care Equipment","NASDAQ","$13.16","215,590"
"BWAY","Brainsway Ltd","Health Care","Health Care Equipment & Supplies","Health Care Equipment","NASDAQ","$13.24","63,780"
"KRRO","Korro Bio Inc","Health Care","Biotechnology","Biotechnology","NASDAQ","$13.35","113,070"
"ARDT","Ardent Health Inc","Health Care","Health Care Providers & Services","Health Care Facilities","NYS","$13.39","341,410"
"KROS","Keros Therapeutics Inc","Health Care","Biotechnology","Biotechnology","NASDAQ","$13.45","498,850"
"IART","Integra Lifesciences Holdings Corp","Health Care","Health Care Equipment & Supplies","Health Care Equipment","NASDAQ","$13.49","1,476,170"
"BBNX","Beta Bionics Inc","Health Care","Health Care Equipment & Supplies","Health Care Equipment","NASDAQ","$13.52","633,210"
"ALHC","Alignment Healthcare Inc","Health Care","Health Care Providers & Services","Managed Health Care","NASDAQ","$13.57","3,824,130"
"URGN","Urogen Pharma Ltd","Health Care","Biotechnology","Biotechnology","NASDAQ","$13.58","2,344,990"
"ARCT","Arcturus Therapeutics Holdings Inc","Health Care","Biotechnology","Biotechnology","NASDAQ","$13.78","561,800"
"MD","Pediatrix Medical Group Inc","Health Care","Health Care Providers & Services","Health Care Services","NYS","$13.78","701,870"
"ARQT","Arcutis Biotherapeutics Inc","Health Care","Biotechnology","Biotechnology","NASDAQ","$13.82","2,121,290"
"FBRX","Forte Biosciences Inc","Health Care","Biotechnology","Biotechnology","NASDAQ","$13.84","332,040"
"AVTR","Avantor Inc","Health Care","Life Sciences Tools & Services","Life Sciences Tools & Services","NYS","$13.88","12,892,250"
"BLCO","Bausch + Lomb Corp","Health Care","Health Care Equipment & Supplies","Health Care Supplies","NYS","$13.88","886,070"
"AARD","Aardvark Therapeutics Inc","Health Care","Pharmaceuticals","Pharmaceuticals","NASDAQ","$13.92","139,830"
"CNTA","Centessa Pharmaceuticals PLC","Health Care","Biotechnology","Biotechnology","NASDAQ","$14.07","1,071,460"
"QURE","Uniqure NV","Health Care","Biotechnology","Biotechnology","NASDAQ","$14.42","1,290,810"
"ETON","Eton Pharmaceuticals Inc","Health Care","Pharmaceuticals","Pharmaceuticals","NASDAQ","$14.45","805,720"
"MLYS","Mineralys Therapeutics Inc","Health Care","Biotechnology","Biotechnology","NASDAQ","$14.54","1,133,500"
"BHVN","Biohaven Ltd","Health Care","Biotechnology","Biotechnology","NYS","$14.63","2,194,650"
"ELAN","Elanco Animal Health Inc","Health Care","Pharmaceuticals","Pharmaceuticals","NYS","$14.64","5,529,890"
"DNLI","Denali Therapeutics Inc","Health Care","Biotechnology","Biotechnology","NASDAQ","$14.69","1,762,170"
"GHRS","GH Research PLC","Health Care","Pharmaceuticals","Pharmaceuticals","NASDAQ","$14.92","211,700"
"TVTX","Travere Therapeutics Inc","Health Care","Biotechnology","Biotechnology","NASDAQ","$15.01","1,533,180"
"VTVT","vTv Therapeutics Inc","Health Care","Biotechnology","Biotechnology","NASDAQ","$15.07","13,250"
"RDY","Dr Reddy's Laboratories Ltd","Health Care","Pharmaceuticals","Pharmaceuticals","NYS","$15.08","1,434,450"
"SEM","Select Medical Holdings Corp","Health Care","Health Care Providers & Services","Health Care Facilities","NYS","$15.14","1,513,190"
"INMD","Inmode Ltd","Health Care","Health Care Equipment & Supplies","Health Care Equipment","NASDAQ","$15.16","2,480,730"
"PLSE","Pulse Biosciences Inc","Health Care","Health Care Equipment & Supplies","Health Care Equipment","NASDAQ","$15.32","209,640"
"TAK","Takeda Pharmaceutical Co Ltd","Health Care","Pharmaceuticals","Pharmaceuticals","NYS","$15.34","2,244,440"
"FONR","Fonar Corp","Health Care","Health Care Equipment & Supplies","Health Care Equipment","NASDAQ","$15.41","26,620"
"INDV","Indivior PLC","Health Care","Pharmaceuticals","Pharmaceuticals","NASDAQ","$15.41","--"
"CBIO","Crescent Biopharma Inc (Pre-Reincorporation)","Health Care","Biotechnology","Biotechnology","NASDAQ","$15.55","69,440"
"KMTS","Kestra Medical Technologies Ltd","Health Care","Health Care Equipment & Supplies","Health Care Equipment","NASDAQ","$15.67","676,970"
"VRDN","Viridian Therapeutics Inc","Health Care","Biotechnology","Biotechnology","NASDAQ","$15.67","761,330"
"SYRE","Spyre Therapeutics Inc","Health Care","Biotechnology","Biotechnology","NASDAQ","$15.76","762,580"
"HCM","HUTCHMED (China) Ltd","Health Care","Pharmaceuticals","Pharmaceuticals","NASDAQ","$15.81","84,540"
"HYPD","Hyperion DeFi Inc","Health Care","Pharmaceuticals","Pharmaceuticals","NASDAQ","$15.82","--"
"TLX","Telix Pharmaceuticals Ltd","Health Care","Biotechnology","Biotechnology","NASDAQ","$16.07","--"
"INBX","Inhibrx Biosciences Inc","Health Care","Biotechnology","Biotechnology","NASDAQ","$16.33","103,680"
"TRML","Tourmaline Bio Inc","Health Care","Biotechnology","Biotechnology","NASDAQ","$16.42","246,000"
"SPRY","ARS Pharmaceuticals Inc","Health Care","Biotechnology","Biotechnology","NASDAQ","$16.52","2,081,440"
"AMRN","Amarin Corporation PLC","Health Care","Biotechnology","Biotechnology","NASDAQ","$16.65","237,200"
"XRAY","DENTSPLY SIRONA Inc","Health Care","Health Care Equipment & Supplies","Health Care Supplies","NASDAQ","$16.67","2,511,430"
"TNDM","Tandem Diabetes Care Inc","Health Care","Health Care Equipment & Supplies","Health Care Equipment","NASDAQ","$16.78","1,779,820"
"ARWR","Arrowhead Pharmaceuticals Inc","Health Care","Biotechnology","Biotechnology","NASDAQ","$16.79","1,602,330"
"IMVT","Immunovant Inc","Health Care","Biotechnology","Biotechnology","NASDAQ","$16.95","1,339,560"
"NRC","National Research Corp","Health Care","Health Care Providers & Services","Health Care Services","NASDAQ","$17.01","129,550"
"TEVA","Teva Pharmaceutical Industries Ltd","Health Care","Pharmaceuticals","Pharmaceuticals","NYS","$17.01","10,274,820"
"NVCR","Novocure Ltd","Health Care","Health Care Equipment & Supplies","Health Care Equipment","NASDAQ","$17.71","1,635,060"
"SLP","Simulations Plus Inc","Health Care","Health Care Technology","Health Care Technology","NASDAQ","$17.75","586,460"
"STAA","STAAR Surgical Co","Health Care","Health Care Equipment & Supplies","Health Care Supplies","NASDAQ","$17.86","907,370"
"PRTC","PureTech Health PLC","Health Care","Biotechnology","Biotechnology","NASDAQ","$18.01","9,510"
"ASMB","Assembly Biosciences Inc","Health Care","Biotechnology","Biotechnology","NASDAQ","$18.14","55,150"
"SRPT","Sarepta Therapeutics Inc","Health Care","Biotechnology","Biotechnology","NASDAQ","$18.24","7,137,560"
"APLS","Apellis Pharmaceuticals Inc","Health Care","Biotechnology","Biotechnology","NASDAQ","$18.26","2,059,150"
"ADMA","ADMA Biologics Inc","Health Care","Biotechnology","Biotechnology","NASDAQ","$18.28","4,186,510"
"DNTH","Dianthus Therapeutics Inc","Health Care","Biotechnology","Biotechnology","NASDAQ","$18.38","354,020"
"PTHL","Pheton Holdings Ltd","Health Care","Health Care Technology","Health Care Technology","NASDAQ","$18.38","908,610"
"SIBN","SI-BONE Inc","Health Care","Health Care Equipment & Supplies","Health Care Equipment","NASDAQ","$18.47","554,150"
"PHVS","Pharvaris NV","Health Care","Pharmaceuticals","Pharmaceuticals","NASDAQ","$18.60","31,240"
"OMDA","Omada Health Inc","Health Care","Health Care Providers & Services","Health Care Services","NASDAQ","$18.63","802,610"
"CBLL","CeriBell Inc","Health Care","Health Care Equipment & Supplies","Health Care Equipment","NASDAQ","$18.93","483,990"
"RIGL","Rigel Pharmaceuticals Inc","Health Care","Biotechnology","Biotechnology","NASDAQ","$18.93","239,150"
"OCS","Oculis Holding AG","Health Care","Pharmaceuticals","Pharmaceuticals","NASDAQ","$19.00","20,400"
"QNTM","Quantum Biopharma Ltd","Health Care","Pharmaceuticals","Pharmaceuticals","NASDAQ","$19.16","--"
"INVA","Innoviva Inc","Health Care","Pharmaceuticals","Pharmaceuticals","NASDAQ","$19.21","1,020,850"
"CDNA","CareDx Inc","Health Care","Biotechnology","Biotechnology","NASDAQ","$19.24","1,003,230"
"MDWD","Mediwound Ltd","Health Care","Pharmaceuticals","Pharmaceuticals","NASDAQ","$19.34","56,710"
"NAMS","NewAmsterdam Pharma Company NV","Health Care","Biotechnology","Biotechnology","NASDAQ","$19.85","938,810"